Rk,Player,Pos,Age,Tm,G,GS,MP,FG,FGA,FG%,3P,3PA,3P%,2P,2PA,2P%,FT,FTA,FT%,ORB,DRB,TRB,AST,STL,BLK,TOV,PF,PTS,,ORtg▼,DRtg
1,Rayjon Tucker\tuckera01,F,23,PHI,3,0,9,5.3,5.3,1.000,5.3,5.3,1.000,0.0,0.0,,31.8,31.8,1.000,0.0,10.6,10.6,5.3,0.0,0.0,0.0,10.6,47.7,,258,111
2,Patrick McCaw\mccawpa01,SF,25,TOR,5,0,33,1.5,1.5,1.000,0.0,0.0,,1.5,1.5,1.000,4.4,4.4,1.000,1.5,2.9,4.4,5.8,2.9,0.0,0.0,8.8,7.3,,234,114
3,Cameron Reynolds\reynoca01,G,25,SAS,2,0,4,12.1,12.1,1.000,0.0,0.0,,12.1,12.1,1.000,0.0,0.0,,0.0,0.0,0.0,0.0,0.0,0.0,0.0,0.0,24.2,,200,120
4,Alize Johnson\johnsal02,F,24,BRK,1,0,33,16.0,21.9,.733,0.0,1.5,.000,16.0,20.4,.786,1.5,1.5,1.000,7.3,14.6,21.9,4.4,2.9,0.0,1.5,1.5,33.6,,150,108
5,Tony Bradley\bradlto01,C,23,TOT,21,8,301,8.6,12.4,.692,0.0,0.2,.000,8.6,12.2,.701,1.4,2.1,.692,6.5,10.8,17.3,2.9,1.1,2.1,1.6,4.9,18.6,,142,106
6,Derrick Favors\favorde01,C,29,UTA,44,0,694,7.4,11.6,.639,0.0,0.1,.000,7.4,11.5,.642,3.4,4.5,.738,6.6,10.4,16.9,2.6,1.6,3.1,1.8,7.0,18.2,,139,104
7,Robert Williams\williro04,C,23,BOS,40,3,721,9.2,12.8,.714,0.0,0.1,.000,9.2,12.8,.718,2.6,4.0,.644,6.8,11.5,18.3,4.2,2.4,5.0,2.7,5.3,20.9,,138,104
8,Jaxson Hayes\hayesja02,C,20,NOP,34,1,455,7.7,10.6,.727,0.0,0.0,,7.7,10.6,.727,4.2,5.5,.765,4.0,8.6,12.5,1.9,1.2,1.7,2.4,6.5,19.6,,137,114
9,Joe Ingles\inglejo01,SF,33,UTA,42,11,1115,7.5,14.0,.536,4.9,10.0,.491,2.6,4.0,.648,2.0,2.3,.868,0.8,5.9,6.7,7.9,1.2,0.4,2.7,3.1,21.9,,137,111
10,Ivica Zubac\zubaciv01,C,23,LAC,49,10,1045,7.8,12.2,.640,0.0,0.1,.000,7.8,12.0,.647,4.5,5.4,.826,6.4,10.6,17.0,2.6,1.0,2.1,2.6,5.9,20.1,,136,109
11,Tony Snell\snellto01,SG,29,ATL,34,17,688,4.7,9.0,.516,3.5,6.2,.570,1.1,2.9,.400,0.3,0.3,1.000,0.9,4.5,5.5,3.4,0.4,0.6,1.2,3.5,13.1,,135,118
12,Cristiano Felício\feliccr01,C,28,CHI,9,0,43,3.3,4.4,.750,0.0,0.0,,3.3,4.4,.750,6.7,11.1,.600,6.7,7.8,14.4,5.5,2.2,0.0,3.3,3.3,13.3,,134,111
13,Enes Kanter\kanteen01,C,28,POR,46,32,1226,9.5,15.7,.605,0.0,0.0,.000,9.5,15.6,.606,3.6,4.6,.781,8.0,13.5,21.5,2.3,1.0,1.3,2.2,4.8,22.5,,134,114
14,Kevon Looney\looneke01,C,24,GSW,36,15,553,4.9,8.3,.592,0.3,0.8,.444,4.6,7.5,.607,1.7,2.3,.741,4.9,7.4,12.4,5.4,1.3,1.2,1.9,6.0,11.8,,134,111
15,Garrison Mathews\mathega01,SG,24,WAS,40,21,731,4.7,11.0,.431,3.7,8.8,.414,1.1,2.1,.500,3.8,4.3,.882,0.9,3.2,4.1,1.3,1.5,0.4,0.4,4.7,16.9,,134,116
16,Richaun Holmes\holmeri01,C,27,SAC,43,43,1307,9.6,14.9,.647,0.1,0.3,.250,9.6,14.6,.655,3.4,4.2,.807,4.2,10.1,14.2,2.8,1.1,2.7,1.9,5.9,22.7,,133,115
17,Thon Maker\makerth01,C,23,CLE,8,0,76,6.5,11.7,.556,0.0,1.3,.000,6.5,10.4,.625,6.5,7.1,.909,5.2,6.5,11.7,2.6,1.3,2.6,1.9,4.5,19.5,,133,112
18,Jarrett Allen\allenja01,C,22,TOT,44,26,1262,8.1,12.8,.633,0.2,0.5,.417,7.9,12.3,.642,5.9,8.4,.704,5.2,11.7,16.9,2.9,0.8,2.9,2.5,2.7,22.3,,131,110
19,Thomas Bryant\bryanth01,C,23,WAS,10,10,271,10.0,15.5,.648,1.5,3.6,.429,8.5,11.9,.714,2.7,4.1,.667,3.1,7.3,10.4,2.5,0.7,1.4,1.9,5.3,24.3,,131,115
20,Nikola Jokić\jokicni01,C,25,DEN,47,47,1675,14.7,25.8,.571,2.1,4.9,.425,12.6,20.8,.605,5.8,6.7,.867,4.1,11.4,15.4,11.8,2.2,0.9,4.2,3.7,37.3,,131,109
21,Mitchell Robinson\robinmi01,C,22,NYK,31,29,853,6.7,10.3,.653,0.0,0.0,,6.7,10.3,.653,1.5,3.1,.491,6.6,8.1,14.8,1.0,2.0,2.6,1.5,5.0,15.0,,131,105
22,Willie Cauley-Stein\caulewi01,C,27,DAL,35,11,599,6.5,10.4,.622,0.1,0.7,.125,6.4,9.8,.655,2.7,4.1,.660,3.3,9.0,12.3,2.1,0.9,2.3,1.3,6.6,15.8,,130,111
23,Tacko Fall\fallta01,C,25,BOS,12,0,82,9.6,13.1,.727,0.0,0.0,,9.6,13.1,.727,1.8,6.6,.273,5.4,12.5,17.9,1.2,0.0,6.0,1.2,7.8,20.9,,130,107
24,Rudy Gobert\goberru01,C,28,UTA,46,46,1414,8.8,13.5,.650,0.0,0.1,.000,8.8,13.4,.655,5.7,9.2,.616,5.5,15.7,21.1,1.9,0.8,4.7,2.5,3.7,23.3,,130,101
25,Chris Boucher\bouchch01,C,28,TOR,47,3,1092,9.8,18.5,.530,3.1,7.5,.409,6.7,10.9,.613,5.1,6.6,.767,3.9,9.3,13.2,1.9,1.0,4.0,1.5,5.6,27.8,,129,109
26,Mikal Bridges\bridgmi01,SF,24,PHO,46,46,1502,7.5,14.2,.528,2.7,6.5,.411,4.8,7.7,.626,2.5,3.0,.835,1.9,5.5,7.4,3.6,1.4,1.3,1.3,2.3,20.2,,129,110
27,Montrezl Harrell\harremo01,C,27,LAL,47,1,1190,11.9,18.7,.638,0.0,0.4,.000,11.9,18.3,.650,5.3,7.5,.697,4.9,8.2,13.1,2.1,1.4,1.5,2.2,3.9,29.1,,129,105
28,Maxi Kleber\klebima01,PF,29,DAL,33,27,916,4.4,10.0,.441,3.4,7.6,.444,1.0,2.4,.432,1.6,1.7,.935,1.7,8.2,9.8,2.4,0.8,1.4,1.0,4.1,13.7,,129,113
29,Brian Bowen\bowenbr02,SF,22,IND,3,0,8,6.0,12.0,.500,0.0,0.0,,6.0,12.0,.500,6.0,6.0,1.000,0.0,6.0,6.0,0.0,0.0,0.0,0.0,6.0,17.9,,128,117
30,Daniel Gafford\gaffoda01,PF,22,TOT,33,11,411,8.1,11.6,.700,0.0,0.0,,8.1,11.6,.700,3.6,5.3,.674,5.7,7.5,13.2,2.0,1.4,4.5,2.9,6.5,19.8,,128,107
31,Joe Harris\harrijo01,SF,29,BRK,47,43,1442,8.0,15.7,.510,5.0,10.4,.486,3.0,5.3,.556,1.0,1.4,.721,0.8,4.6,5.4,2.7,1.0,0.3,1.3,3.3,22.1,,128,117
32,Damian Jones\jonesda03,C,25,TOT,22,6,206,5.7,7.8,.727,0.0,0.2,.000,5.7,7.6,.750,4.0,5.5,.739,3.6,6.9,10.5,1.2,0.5,2.9,2.6,9.7,15.4,,128,107
33,Darius Miller\milleda01,SF,30,OKC,14,0,145,4.6,10.2,.452,3.6,8.9,.407,1.0,1.3,.750,3.0,3.0,1.000,0.3,5.9,6.3,5.3,3.0,1.3,2.0,3.0,15.9,,128,108
34,Zeke Nnaji\nnajize01,PF,20,DEN,31,1,325,6.6,12.5,.524,2.9,7.0,.413,3.7,5.5,.667,1.8,2.3,.800,2.0,5.9,7.9,0.8,0.6,0.5,1.1,3.5,17.8,,128,116
35,Cassius Winston\winstca01,PG,22,WAS,11,0,68,4.7,12.2,.389,4.1,8.1,.500,0.7,4.1,.167,1.4,1.4,1.000,0.0,4.7,4.7,6.8,1.4,0.7,0.7,3.4,14.9,,128,116
36,Nicolas Batum\batumni01,SF,32,LAC,46,38,1324,5.0,10.8,.462,3.1,7.3,.421,1.9,3.5,.548,1.5,1.7,.848,1.4,7.0,8.4,4.1,1.9,0.6,1.4,2.8,14.5,,127,111
37,Pat Connaughton\connapa01,SG,28,MIL,43,1,983,5.1,11.2,.455,3.1,7.6,.411,2.0,3.6,.547,1.0,1.2,.769,2.2,7.6,9.7,2.9,1.5,0.8,1.0,3.4,14.3,,127,111
38,Gorgui Dieng\dienggo01,C,31,MEM,22,1,371,7.2,13.9,.519,3.0,6.2,.479,4.2,7.7,.550,4.9,5.5,.884,3.6,9.0,12.6,3.7,2.2,1.8,2.8,4.9,22.2,,127,107
39,DeAndre Jordan\jordade01,C,32,BRK,45,35,1010,7.4,9.6,.767,0.0,0.0,.000,7.4,9.6,.771,1.5,3.1,.492,4.4,11.3,15.7,3.6,0.7,2.7,3.3,4.5,16.3,,127,111
40,Zion Williamson\willizi01,PF,20,NOP,44,44,1444,15.0,24.0,.624,0.3,0.8,.348,14.7,23.2,.633,8.9,12.6,.708,3.9,6.6,10.5,5.2,1.4,1.0,3.8,3.4,39.1,,127,116
41,Jarrell Brantley\brantja01,PF,24,UTA,15,0,43,9.0,20.3,.444,4.5,11.3,.400,4.5,9.0,.500,2.3,2.3,1.000,3.4,6.8,10.2,3.4,3.4,1.1,1.1,7.9,24.9,,126,104
42,Willy Hernangómez\hernawi01,C,26,NOP,25,2,396,8.0,15.4,.520,0.1,0.9,.143,7.9,14.5,.542,3.1,5.2,.595,7.5,11.4,18.9,3.6,1.0,1.4,1.4,3.4,19.2,,126,114
43,George Hill\hillge01,PG,34,OKC,14,14,369,7.9,15.6,.508,2.9,7.4,.386,5.1,8.2,.619,2.7,3.2,.840,1.0,2.7,3.8,5.6,1.6,0.3,1.6,1.6,21.4,,126,115
44,Kawhi Leonard\leonaka01,SF,29,LAC,40,40,1380,13.5,26.1,.515,2.8,7.2,.385,10.7,19.0,.564,7.5,8.5,.874,1.4,7.6,9.0,7.0,2.6,0.6,2.7,2.3,37.1,,126,109
45,John Collins\collijo01,PF,23,ATL,47,47,1422,11.6,21.2,.545,2.1,5.5,.380,9.5,15.7,.603,4.5,5.3,.838,3.4,9.3,12.7,2.3,0.9,1.7,2.0,5.3,29.7,,125,113
46,Damian Lillard\lillada01,PG,30,POR,44,44,1591,12.4,27.9,.446,5.6,15.1,.374,6.8,12.8,.531,9.8,10.4,.944,0.6,5.2,5.8,10.5,1.2,0.3,4.4,2.2,40.3,,125,120
47,Michael Porter Jr.\portemi01,SF,22,DEN,37,30,1103,10.5,19.6,.533,4.2,9.3,.449,6.3,10.3,.609,2.4,3.3,.726,2.7,9.8,12.5,1.7,1.1,1.5,1.8,3.5,27.5,,125,111
48,Deandre Ayton\aytonde01,C,22,PHO,46,46,1405,10.2,16.8,.610,0.1,0.6,.235,10.1,16.2,.624,3.2,4.3,.760,5.5,12.3,17.8,2.4,0.6,1.8,2.7,5.0,23.9,,124,107
49,Joel Embiid\embiijo01,C,26,PHI,31,31,1010,13.9,26.4,.525,1.8,4.3,.422,12.1,22.1,.545,14.4,16.7,.859,3.2,13.6,16.8,4.8,1.7,2.0,4.7,3.6,43.9,,124,103
50,Alfonzo McKinnie\mckinal01,SF,28,LAL,25,0,128,8.7,17.1,.511,3.0,8.0,.381,5.7,9.1,.625,1.9,3.0,.625,3.4,6.8,10.2,0.8,0.8,0.0,0.8,5.3,22.4,,124,109
51,Paul Millsap\millspa01,PF,35,DEN,37,34,863,7.7,15.1,.510,2.2,5.9,.379,5.5,9.2,.594,3.0,4.3,.703,3.2,7.4,10.6,3.7,2.1,1.4,1.9,4.4,20.6,,124,111
52,Royce O'Neale\onealro01,SF,27,UTA,46,46,1470,3.9,8.5,.455,2.5,6.1,.414,1.3,2.3,.563,0.9,1.1,.844,1.9,8.3,10.2,3.8,1.3,0.8,1.8,4.2,11.2,,124,109
53,Dwight Powell\poweldw01,C,29,DAL,32,8,468,4.8,9.9,.489,0.4,1.8,.235,4.4,8.1,.545,5.4,6.9,.773,3.7,7.7,11.4,2.7,1.8,1.1,1.9,8.0,15.4,,124,112
54,Steven Adams\adamsst01,C,27,NOP,43,43,1210,5.9,9.4,.631,0.0,0.1,.000,5.9,9.3,.639,1.8,4.0,.455,6.7,8.7,15.4,3.3,1.6,1.2,2.6,3.5,13.6,,123,114
55,Harrison Barnes\barneha02,PF,28,SAC,44,44,1581,7.1,14.6,.488,2.0,5.5,.363,5.1,9.1,.564,4.8,5.8,.826,1.4,7.4,8.8,4.8,0.9,0.2,2.0,1.7,21.0,,123,120
56,Bruce Brown\brownbr01,PG,24,BRK,43,27,913,7.8,14.2,.546,0.5,2.1,.250,7.2,12.1,.598,2.8,3.8,.736,3.5,6.6,10.2,3.4,1.6,0.6,1.8,4.9,18.8,,123,114
57,Jimmy Butler\butleji01,SF,31,MIA,32,32,1074,10.5,21.7,.485,0.6,2.9,.206,9.9,18.8,.528,9.9,11.7,.850,3.1,8.3,11.4,10.7,2.8,0.6,3.3,2.1,31.6,,123,107
58,Clint Capela\capelca01,C,26,ATL,41,41,1205,10.8,18.4,.588,0.0,0.0,,10.8,18.4,.588,2.9,5.3,.550,8.1,15.6,23.7,1.4,1.2,3.6,2.1,3.9,24.5,,123,106
59,Mike Conley\conlemi01,PG,33,UTA,37,37,1089,9.2,20.4,.450,4.5,10.7,.421,4.7,9.7,.482,3.7,4.5,.840,1.3,4.5,5.8,9.0,2.2,0.2,3.2,3.0,26.6,,123,110
60,Ed Davis\davised01,C,31,MIN,19,7,264,3.2,7.7,.419,0.0,0.0,,3.2,7.7,.419,1.3,1.4,.875,6.8,10.6,17.4,3.4,1.8,1.8,1.1,8.8,7.7,,123,111
61,DeMar DeRozan\derozde01,PF,31,SAS,37,37,1251,10.1,20.6,.489,0.7,2.3,.300,9.4,18.3,.513,8.4,9.5,.882,0.9,5.4,6.3,10.3,1.5,0.4,2.5,2.7,29.2,,123,113
62,Taj Gibson\gibsota01,PF,35,NYK,20,1,384,4.7,8.5,.554,0.4,1.7,.231,4.3,6.8,.635,2.2,3.6,.607,4.8,7.8,12.6,1.7,1.3,1.8,1.6,5.3,12.0,,123,108
63,Kyrie Irving\irvinky01,PG,28,BRK,32,32,1137,14.6,28.1,.520,3.9,9.6,.401,10.8,18.5,.581,5.0,5.5,.893,1.5,5.1,6.6,7.6,1.7,0.8,3.1,3.6,38.0,,123,115
64,Derrick Jones Jr.\jonesde02,SF,23,POR,42,40,1101,5.6,11.4,.496,1.7,5.1,.330,4.0,6.3,.631,2.2,3.3,.653,3.0,4.9,8.0,1.7,1.4,2.0,1.2,4.7,15.2,,123,117
65,Nassir Little\littlna01,PF,20,POR,29,2,404,5.8,13.0,.449,2.7,7.0,.379,3.2,5.9,.531,3.6,4.2,.857,2.5,6.4,9.0,1.6,0.5,1.3,1.5,3.9,17.9,,123,120
66,Bobby Portis\portibo01,C,25,MIL,43,2,903,10.4,19.3,.538,2.6,5.3,.480,7.8,14.0,.560,1.5,2.0,.737,4.0,11.3,15.3,2.4,1.7,0.9,1.8,4.1,24.8,,123,109
67,Daniel Theis\theisda01,C,28,TOT,43,37,1049,7.6,13.7,.553,1.5,4.5,.344,6.0,9.2,.655,2.1,3.2,.676,2.6,7.8,10.4,3.3,1.2,2.1,2.0,5.6,18.8,,123,112
68,Patrick Beverley\beverpa01,PG,32,LAC,29,29,689,5.7,13.0,.442,3.6,8.5,.420,2.1,4.4,.484,2.2,2.8,.795,1.9,5.7,7.7,4.3,1.8,1.6,1.9,6.5,17.3,,122,110
69,Khem Birch\birchkh01,C,28,ORL,46,4,930,4.9,10.8,.459,0.2,1.1,.190,4.7,9.7,.489,3.3,4.5,.741,6.1,6.6,12.6,2.7,1.6,1.5,1.2,3.3,13.4,,122,111
70,Moses Brown\brownmo01,C,21,OKC,17,6,310,8.2,13.8,.596,0.0,0.0,,8.2,13.8,.596,5.1,9.1,.559,7.3,13.6,20.9,0.6,1.5,3.1,2.0,4.6,21.5,,122,105
71,Jalen Brunson\brunsja01,PG,24,DAL,41,10,1024,9.2,17.3,.529,2.4,6.0,.392,6.8,11.3,.602,3.9,4.9,.794,0.6,6.2,6.9,6.6,1.1,0.0,2.7,3.2,24.6,,122,116
72,Nicolas Claxton\claxtni01,C,21,BRK,15,0,284,9.2,15.4,.593,0.2,0.7,.250,9.0,14.7,.609,3.1,5.6,.545,3.2,8.1,11.4,2.0,1.7,3.9,1.4,4.4,21.5,,122,109
73,Tyrese Haliburton\halibty01,PG,20,SAC,41,10,1237,8.1,16.6,.487,3.5,8.4,.423,4.5,8.2,.552,1.3,1.5,.868,1.3,4.0,5.3,8.0,2.1,0.9,2.4,2.2,21.0,,122,118
74,James Harden\hardeja01,PG-SG,31,TOT,40,40,1527,10.3,22.3,.463,3.7,10.2,.362,6.7,12.2,.546,8.4,9.7,.867,1.1,9.2,10.3,14.1,1.6,0.9,5.3,2.9,32.8,,122,112
75,De'Andre Hunter\huntede01,SF,23,ATL,20,18,625,8.8,17.6,.502,2.4,6.9,.356,6.4,10.7,.596,5.1,5.9,.867,1.3,6.8,8.1,3.3,1.4,0.8,2.1,4.2,25.3,,122,114
76,Jeremy Lamb\lambje01,SG,28,IND,28,8,602,7.6,17.2,.444,3.3,8.0,.416,4.3,9.1,.470,4.6,4.8,.951,1.6,6.1,7.7,3.7,1.7,1.1,1.4,4.5,23.2,,122,112
77,Damion Lee\leeda03,SG,28,GSW,46,1,863,5.5,12.1,.457,3.5,8.9,.390,2.1,3.2,.644,1.8,2.1,.895,0.9,6.9,7.8,3.4,1.5,0.3,1.1,3.6,16.4,,122,111
78,Robin Lopez\lopezro01,C,32,WAS,46,9,921,7.7,12.9,.595,0.2,0.8,.313,7.4,12.1,.613,3.3,4.7,.705,5.2,4.6,9.8,1.9,0.6,1.4,2.4,4.1,19.0,,122,116
79,Nick Richards\richani01,PF,23,CHO,11,0,38,3.8,7.6,.500,0.0,0.0,,3.8,7.6,.500,8.9,14.0,.636,2.5,7.6,10.2,0.0,0.0,0.0,1.3,6.4,16.5,,122,117
80,Bam Adebayo\adebaba01,C,23,MIA,41,41,1384,10.7,18.9,.565,0.1,0.2,.286,10.6,18.6,.569,6.9,8.3,.836,3.5,10.5,14.1,7.7,1.3,1.7,4.0,3.3,28.3,,121,107
81,Henry Ellenson\ellenhe01,PF,24,TOR,2,0,38,6.3,17.8,.357,2.5,11.4,.222,3.8,6.3,.600,3.8,5.1,.750,3.8,11.4,15.2,6.3,0.0,0.0,0.0,8.9,19.0,,121,115
82,Langston Galloway\gallola01,SG,29,PHO,34,0,377,7.5,15.9,.471,4.2,9.3,.451,3.3,6.6,.500,2.2,2.2,1.000,0.7,3.9,4.6,3.1,0.8,0.0,1.4,3.0,21.4,,121,113
83,Jeff Green\greenje02,C,34,BRK,43,22,1150,6.1,12.3,.495,2.4,5.8,.417,3.7,6.5,.564,2.6,3.5,.759,1.0,5.8,6.8,2.5,1.0,0.6,1.4,3.2,17.3,,121,116
84,Luke Kennard\kennalu01,SG,24,LAC,43,9,850,7.8,16.0,.487,4.2,8.7,.483,3.6,7.3,.492,0.9,1.1,.842,0.6,6.2,6.8,4.4,0.8,0.5,1.9,3.8,20.7,,121,114
85,John Konchar\konchjo01,SG,24,MEM,22,0,326,4.5,10.4,.437,1.3,3.7,.360,3.2,6.7,.478,2.5,2.9,.850,3.1,7.4,10.5,3.5,2.8,0.7,1.2,3.8,12.9,,121,108
86,CJ McCollum\mccolcj01,SG,29,POR,21,21,689,12.9,29.4,.441,6.3,15.5,.404,6.7,13.9,.482,4.1,4.6,.877,0.8,5.0,5.8,7.0,1.5,0.7,2.0,2.6,36.2,,121,119
87,Monte Morris\morrimo01,PG,25,DEN,36,10,980,7.3,15.5,.471,2.0,5.8,.351,5.3,9.7,.542,2.4,3.2,.762,0.4,3.6,3.9,6.2,1.3,0.5,1.3,1.8,19.0,,121,116
88,Patrick Patterson\pattepa01,PF,31,LAC,20,2,265,6.5,13.4,.486,3.9,9.3,.420,2.6,4.1,.636,0.7,1.1,.667,1.3,5.2,6.5,2.2,1.7,0.7,1.5,5.0,17.7,,121,112
89,Tomáš Satoranský\satorto01,SG,29,CHI,34,9,769,6.1,11.8,.516,1.7,4.2,.403,4.4,7.6,.577,2.7,3.0,.917,1.1,4.2,5.3,10.1,1.5,0.6,3.6,2.9,16.6,,121,114
90,Giannis Antetokounmpo\antetgi01,PF,26,MIL,43,43,1461,14.3,25.7,.556,1.6,5.3,.303,12.7,20.3,.622,9.3,13.7,.679,2.5,13.3,15.8,8.7,1.6,1.7,5.0,4.0,39.5,,120,107
91,Brandon Clarke\clarkbr01,PF,24,MEM,39,16,1011,8.9,17.0,.525,0.9,2.7,.328,8.1,14.3,.563,2.5,3.8,.675,2.8,7.5,10.3,3.1,2.0,1.6,1.0,2.8,21.3,,120,109
92,Kevin Durant\duranke01,PF,32,BRK,19,18,679,13.3,25.5,.524,3.5,8.0,.434,9.9,17.4,.565,8.9,10.3,.869,0.5,9.4,9.9,7.1,1.0,1.9,4.8,3.0,39.1,,120,112
93,Danilo Gallinari\gallida01,PF,32,ATL,35,4,818,8.2,19.4,.422,4.3,11.0,.396,3.9,8.4,.457,6.2,6.6,.936,0.5,7.3,7.8,3.2,1.1,0.4,2.1,4.2,27.0,,120,115
94,Alex Len\lenal01,C,27,TOT,38,16,574,7.8,12.1,.647,0.5,1.7,.286,7.3,10.4,.705,3.5,5.7,.606,2.7,8.1,10.9,2.7,0.8,3.4,2.7,6.1,19.6,,120,111
95,Terance Mann\mannte01,SG,24,LAC,46,4,820,6.4,13.1,.486,1.2,3.1,.385,5.2,10.0,.518,3.0,3.9,.781,2.4,8.2,10.6,4.0,1.1,0.6,1.7,5.1,17.0,,120,112
96,Rodney McGruder\mcgruro01,SG,29,DET,16,2,194,9.4,17.8,.529,2.8,6.1,.458,6.6,11.7,.565,1.5,2.0,.750,2.0,3.6,5.6,4.1,2.0,0.3,1.8,3.0,23.1,,120,114
97,Sam Merrill\merrisa01,SG,24,MIL,20,1,148,6.4,13.7,.465,4.1,8.9,.464,2.2,4.8,.467,0.6,0.6,1.000,1.9,4.5,6.4,5.1,1.6,0.3,2.5,2.5,17.5,,120,113
98,Chris Paul\paulch01,PG,35,PHO,45,45,1436,9.3,19.3,.481,2.1,5.7,.359,7.2,13.6,.533,3.9,4.2,.942,0.6,6.6,7.2,13.2,2.2,0.4,3.6,3.8,24.6,,120,108
99,Mason Plumlee\plumlma01,C,30,DET,44,44,1210,7.3,12.1,.601,0.0,0.3,.000,7.3,11.8,.615,3.8,5.9,.653,4.8,12.1,16.9,6.4,1.5,1.6,3.7,6.3,18.4,,120,108
100,Jakob Poeltl\poeltja01,C,25,SAS,44,26,1087,6.9,11.0,.628,0.0,0.0,,6.9,11.0,.628,1.2,3.3,.384,6.1,9.3,15.3,3.4,1.1,3.3,2.5,4.3,15.1,,120,108
101,Isaiah Stewart\stewais01,C,19,DET,44,2,840,7.2,12.4,.578,0.5,1.1,.421,6.7,11.3,.594,1.8,2.7,.674,5.7,9.1,14.8,2.1,1.3,2.6,2.3,6.3,16.6,,120,109
102,Kenrich Williams\willike04,PF,26,OKC,46,6,912,7.4,12.8,.576,1.6,3.6,.435,5.8,9.1,.632,1.1,1.9,.541,2.9,6.7,9.7,4.6,1.7,0.5,2.4,4.3,17.3,,120,112
103,Cody Zeller\zelleco01,C,28,CHO,27,20,582,8.2,16.1,.510,0.2,1.7,.143,8.0,14.4,.555,3.5,5.1,.689,5.8,10.1,15.9,4.7,1.5,0.9,2.1,5.4,20.2,,120,111
104,Torrey Craig\craigto01,SF,30,TOT,24,0,300,6.1,13.2,.458,2.1,5.6,.371,4.0,7.7,.521,0.5,1.0,.500,3.8,7.2,11.0,3.8,1.9,1.4,1.3,5.7,14.7,,119,109
105,Carsen Edwards\edwarca01,SG,22,BOS,18,1,181,10.0,20.8,.481,3.5,10.6,.333,6.5,10.3,.632,1.9,2.4,.778,0.5,4.6,5.1,2.4,1.4,0.3,0.8,5.4,25.4,,119,116
106,Wayne Ellington\ellinwa01,SG,33,DET,34,28,789,7.6,16.9,.452,5.7,13.5,.426,1.9,3.4,.556,1.5,1.9,.774,0.5,3.3,3.8,3.0,0.9,0.4,1.6,3.2,22.5,,119,116
107,Dorian Finney-Smith\finnedo01,PF,27,DAL,34,34,1062,4.9,11.2,.438,2.5,7.1,.351,2.4,4.1,.591,1.0,1.2,.840,2.4,5.7,8.0,2.5,1.3,0.6,1.0,4.0,13.3,,119,115
108,Tobias Harris\harrito02,PF,28,PHI,42,42,1427,11.3,21.9,.517,2.1,5.2,.404,9.2,16.7,.552,4.3,4.9,.897,1.5,9.0,10.5,5.1,1.3,1.2,2.7,2.7,29.1,,119,108
109,Jrue Holiday\holidjr01,PG,30,MIL,35,32,1099,9.6,19.4,.493,2.7,7.1,.380,6.9,12.3,.559,2.4,2.9,.821,1.8,4.9,6.7,7.7,2.7,0.8,2.8,2.5,24.2,,119,110
110,Ty Jerome\jeromty01,SG,23,OKC,14,1,365,6.7,14.6,.459,4.1,9.1,.449,2.6,5.5,.476,0.7,1.2,.556,0.9,4.9,5.8,6.4,1.6,0.3,1.8,3.8,18.1,,119,113
111,Skylar Mays\mayssk01,SG,23,ATL,21,0,166,6.8,17.5,.390,3.0,8.0,.370,3.9,9.5,.406,5.1,5.9,.850,2.7,3.6,6.2,5.9,1.8,0.0,1.8,3.3,21.7,,119,116
112,Doug McDermott\mcderdo01,PF,29,IND,43,16,1076,10.0,19.3,.516,3.2,8.6,.378,6.7,10.7,.627,2.4,2.9,.831,2.0,5.2,7.3,2.7,0.5,0.2,1.6,3.3,25.6,,119,116
113,Cameron Payne\payneca01,PG,26,PHO,35,0,592,7.3,15.7,.468,2.8,7.1,.400,4.5,8.6,.524,2.2,2.4,.897,0.6,5.8,6.3,10.5,1.7,0.6,3.0,5.1,19.7,,119,110
114,Max Strus\strusma01,SF,24,MIA,24,0,331,8.5,18.2,.467,5.2,14.6,.357,3.3,3.6,.917,1.6,2.4,.688,0.4,3.3,3.7,1.8,0.7,0.0,0.6,4.2,23.9,,119,115
115,Tristan Thompson\thomptr01,PF,29,BOS,36,31,811,7.2,13.5,.534,0.0,0.2,.000,7.2,13.3,.541,2.9,4.8,.600,6.8,11.4,18.2,2.2,0.8,0.8,2.1,4.5,17.3,,119,113
116,Jonas Valančiūnas\valanjo01,C,28,MEM,39,38,1076,11.3,20.4,.557,0.5,1.6,.297,10.8,18.7,.579,4.6,6.2,.755,6.9,14.7,21.6,3.0,1.0,1.2,3.3,5.1,27.8,,119,108
117,Delon Wright\wrighde01,SG,28,TOT,38,31,1098,6.1,13.4,.458,1.4,4.1,.341,4.8,9.3,.510,3.4,4.3,.789,1.7,6.0,7.7,8.4,2.6,0.9,2.2,2.1,17.0,,119,111
118,Stephen Curry\curryst01,PG,32,GSW,40,40,1346,13.4,28.3,.475,6.5,16.0,.409,6.9,12.3,.561,7.0,7.6,.927,0.7,6.7,7.4,8.7,1.9,0.1,4.2,2.5,40.4,,118,111
119,James Ennis\ennisja01,SF,30,ORL,30,26,672,5.7,12.1,.476,2.3,5.3,.425,3.5,6.8,.516,3.1,3.9,.796,2.5,6.3,8.8,3.0,1.6,0.4,2.0,4.4,16.9,,118,113
120,Josh Hart\hartjo01,SF,25,NOP,46,3,1303,5.5,12.4,.441,2.3,7.0,.332,3.2,5.5,.582,2.4,3.1,.771,1.9,11.5,13.5,3.9,1.4,0.4,1.7,4.0,15.7,,118,114
121,Brandon Ingram\ingrabr01,SF,23,NOP,46,46,1583,12.0,25.4,.475,3.4,8.8,.386,8.6,16.6,.521,6.3,7.2,.876,0.8,6.1,7.0,6.7,0.9,1.0,3.4,2.8,33.7,,118,118
122,Jamal Murray\murraja01,PG,23,DEN,45,45,1595,11.1,23.0,.482,3.8,9.2,.412,7.3,13.8,.528,3.7,4.4,.857,1.1,4.4,5.5,6.9,1.8,0.4,3.1,2.9,29.7,,118,114
123,Semi Ojeleye\ojelese01,PF,26,BOS,40,9,765,4.5,11.1,.408,3.1,8.0,.392,1.4,3.1,.449,1.4,1.9,.733,1.6,5.9,7.5,1.9,0.7,0.0,1.0,2.8,13.6,,118,117
124,Juan Toscano-Anderson\toscaju01,SG,27,GSW,32,14,592,5.1,9.1,.557,1.7,3.8,.438,3.4,5.3,.642,1.0,1.4,.722,1.4,8.6,10.0,5.6,1.7,1.2,2.5,5.0,12.8,,118,109
125,Dean Wade\wadede01,PF,24,CLE,39,6,558,5.6,12.8,.434,3.2,8.4,.379,2.4,4.4,.540,1.3,1.8,.750,1.8,7.1,8.8,3.3,1.1,1.1,1.2,3.5,15.6,,118,114
126,Paul Watson\watsopa01,SF,26,TOR,24,0,234,5.1,11.3,.455,4.1,9.1,.455,1.0,2.3,.455,0.4,0.8,.500,0.6,6.6,7.2,2.3,1.0,0.4,1.2,6.4,14.8,,118,115
127,Thaddeus Young\youngth01,PF,32,CHI,41,8,1020,10.7,18.1,.593,0.3,1.2,.240,10.4,16.9,.618,1.4,2.5,.537,4.6,7.6,12.2,8.4,2.5,1.2,4.0,4.8,23.1,,118,109
128,Wendell Carter Jr.\cartewe01,C,21,TOT,34,25,830,7.8,14.9,.521,0.5,1.4,.375,7.3,13.5,.536,5.1,6.9,.733,4.3,10.9,15.2,4.1,1.1,1.6,3.0,5.7,21.1,,117,110
129,Shai Gilgeous-Alexander\gilgesh01,SG,22,OKC,35,35,1180,11.7,22.9,.508,2.9,6.9,.418,8.8,16.0,.547,7.5,9.3,.808,0.8,6.0,6.7,8.4,1.1,0.9,4.3,2.8,33.7,,117,113
130,Serge Ibaka\ibakase01,C,31,LAC,39,39,919,9.5,18.6,.507,2.0,5.8,.352,7.4,12.8,.577,2.0,2.4,.822,3.7,10.4,14.0,3.7,0.5,2.5,2.4,4.0,22.9,,117,110
131,Frank Kaminsky\kaminfr01,C,27,PHO,32,13,483,8.4,17.8,.471,2.7,6.5,.406,5.7,11.3,.509,2.0,3.4,.606,2.3,9.8,12.1,5.3,1.0,1.3,1.5,4.3,21.5,,117,108
132,Saben Lee\leesa01,PG,21,DET,25,2,382,7.0,14.1,.495,0.8,1.4,.545,6.2,12.6,.490,5.2,8.0,.645,1.4,4.0,5.4,9.3,2.1,0.9,2.8,5.2,19.9,,117,113
133,Khris Middleton\middlkh01,SF,29,MIL,45,45,1505,10.7,21.7,.492,3.2,7.2,.437,7.5,14.4,.520,4.3,4.9,.878,1.1,7.4,8.5,7.6,1.5,0.3,3.9,3.4,28.8,,117,112
134,Marcus Morris\morrima03,PF,31,LAC,37,9,936,8.8,19.5,.451,4.7,10.2,.466,4.1,9.3,.435,2.4,2.8,.849,1.3,6.1,7.4,2.2,0.9,0.5,1.6,4.0,24.7,,117,114
135,Jahlil Okafor\okafoja01,C,25,DET,12,0,120,10.3,17.2,.595,0.0,1.2,.000,10.3,16.0,.641,0.4,0.8,.500,5.3,5.7,11.1,1.2,0.8,0.8,1.6,4.1,20.9,,117,115
136,Jordan Poole\poolejo01,SG,21,GSW,26,5,447,10.3,21.8,.471,4.6,12.3,.373,5.7,9.4,.600,4.9,5.3,.922,0.4,3.9,4.3,4.5,0.9,0.3,2.1,3.6,30.0,,117,115
137,Norman Powell\powelno01,SG,27,TOT,44,33,1340,10.5,21.1,.499,4.5,10.0,.446,6.0,11.0,.547,5.4,6.4,.847,0.7,4.0,4.7,2.8,1.8,0.3,3.0,3.8,30.9,,117,115
138,Payton Pritchard\pritcpa01,SG,23,BOS,41,1,808,6.8,14.8,.459,3.4,8.1,.418,3.4,6.7,.509,1.2,1.3,.864,1.4,4.2,5.6,5.0,1.4,0.4,2.3,4.6,18.1,,117,116
139,Terry Rozier\roziete01,SG,26,CHO,44,44,1472,10.6,22.2,.476,4.9,11.7,.419,5.7,10.5,.541,3.8,4.5,.847,0.8,5.0,5.7,5.0,1.8,0.5,2.7,2.6,29.8,,117,114
140,Jae'Sean Tate\tateja01,SF,25,HOU,46,34,1317,7.0,13.5,.520,1.3,4.1,.319,5.7,9.4,.607,2.3,3.2,.716,3.3,5.8,9.0,3.1,1.9,1.0,1.9,5.2,17.6,,117,112
141,Jarred Vanderbilt\vandeja01,PF,21,MIN,44,25,785,5.9,9.8,.601,0.1,0.2,.250,5.8,9.6,.610,2.6,4.5,.581,4.2,10.1,14.3,3.5,2.6,1.8,2.6,5.3,14.5,,117,110
142,Trae Young\youngtr01,PG,22,ATL,45,45,1548,10.9,25.3,.432,3.4,9.6,.359,7.5,15.7,.477,11.2,12.7,.875,1.0,4.7,5.7,13.6,1.2,0.4,6.1,2.8,36.5,,117,116
143,Grayson Allen\allengr01,SG,25,MEM,32,20,775,6.3,15.0,.418,4.0,9.8,.406,2.3,5.2,.440,2.8,3.1,.902,0.7,5.7,6.4,4.1,2.0,0.3,1.8,2.6,19.4,,116,111
144,D.J. Augustin\augusdj01,PG,33,TOT,43,6,839,5.2,13.3,.390,3.2,8.6,.375,2.0,4.7,.417,2.7,2.9,.923,0.8,2.8,3.6,7.7,1.4,0.1,2.5,2.3,16.3,,116,115
145,Dāvis Bertāns\bertada01,PF,28,WAS,35,3,864,6.0,15.3,.389,5.2,13.5,.382,0.8,1.8,.441,3.1,3.6,.853,0.8,4.6,5.4,1.6,1.1,0.4,1.1,4.6,20.2,,116,116
146,Amir Coffey\coffeam01,SG,23,LAC,31,0,260,6.5,13.3,.486,3.6,8.2,.442,2.8,5.1,.556,1.7,3.2,.529,1.1,4.0,5.1,2.8,1.3,0.0,2.1,2.5,18.2,,116,115
147,Anthony Davis\davisan02,PF,27,LAL,23,23,755,13.1,24.6,.533,1.1,3.7,.293,12.0,20.9,.575,6.0,8.4,.715,3.0,9.4,12.4,4.5,2.0,2.6,2.9,2.7,33.3,,116,102
148,Bryn Forbes\forbebr01,SG,27,MIL,45,6,858,8.3,18.2,.456,5.2,11.7,.446,3.1,6.5,.475,1.4,1.9,.765,0.4,2.7,3.2,1.5,0.5,0.0,1.4,2.5,23.3,,116,117
149,Tim Hardaway Jr.\hardati02,SG,28,DAL,44,19,1287,10.0,22.1,.453,5.1,12.8,.397,4.9,9.3,.529,3.2,4.1,.785,0.5,5.2,5.8,2.9,0.8,0.2,1.5,2.6,28.3,,116,117
150,Reggie Jackson\jacksre01,SG,30,LAC,46,26,982,8.2,18.1,.453,3.6,8.5,.418,4.6,9.6,.484,2.1,2.7,.778,0.8,5.3,6.1,6.9,1.3,0.2,2.5,4.4,22.1,,116,114
151,Nathan Knight\knighna01,PF,23,ATL,19,0,141,7.3,16.8,.438,1.7,5.6,.313,5.6,11.2,.500,8.7,10.5,.833,5.6,7.3,12.9,1.4,1.4,2.1,3.5,4.5,25.2,,116,112
152,Brook Lopez\lopezbr01,C,32,MIL,46,46,1245,7.2,15.4,.468,2.5,7.6,.333,4.7,7.8,.600,2.7,3.3,.837,2.6,6.3,8.8,1.3,1.1,2.4,1.7,3.5,19.7,,116,110
153,Kyle Lowry\lowryky01,PG,34,TOR,39,39,1348,7.9,18.1,.436,3.8,9.6,.394,4.1,8.4,.483,4.2,4.8,.881,1.2,6.4,7.6,10.2,1.4,0.4,4.0,4.4,23.7,,116,115
154,T.J. McConnell\mccontj01,PG,28,IND,42,2,1058,6.4,11.7,.547,0.3,1.0,.304,6.1,10.6,.570,0.7,1.2,.577,1.4,5.3,6.7,12.4,3.5,0.7,3.5,3.1,13.8,,116,109
155,Sean McDermott\mcderse01,SF,24,MEM,10,0,138,4.1,9.7,.429,1.7,6.2,.278,2.4,3.5,.700,2.8,2.8,1.000,1.7,3.5,5.2,1.4,0.7,0.7,1.4,2.1,12.8,,116,115
156,De'Anthony Melton\meltode01,PG,22,MEM,32,1,635,8.9,18.7,.478,4.0,9.2,.439,4.9,9.4,.516,2.0,2.6,.771,1.5,6.3,7.8,6.4,2.9,1.2,2.9,4.1,23.9,,116,108
157,Onyeka Okongwu\okongon01,C,20,ATL,25,1,221,6.3,10.5,.596,0.0,0.2,.000,6.3,10.3,.609,2.2,3.8,.588,3.8,8.7,12.5,1.1,1.8,2.9,2.0,8.0,14.7,,116,109
158,Miye Oni\onimi01,SG,23,UTA,32,0,261,3.9,10.4,.375,3.5,9.1,.388,0.4,1.3,.286,0.9,1.1,.833,2.6,7.4,10.1,1.7,0.9,0.9,1.5,6.9,12.3,,116,110
159,Kristaps Porziņģis\porzikr01,C,25,DAL,29,29,883,12.5,26.0,.481,3.7,10.1,.365,8.8,15.9,.554,4.3,5.2,.839,3.1,11.4,14.4,2.6,0.7,2.6,2.1,4.5,33.0,,116,110
160,Kyle Anderson\anderky01,PF,27,MEM,42,42,1138,8.1,16.9,.478,2.3,6.5,.359,5.7,10.4,.552,3.3,4.3,.757,1.3,8.5,9.8,5.9,2.1,1.2,2.4,2.8,21.8,,115,109
161,Saddiq Bey\beysa01,SF,21,DET,44,27,1097,6.9,16.8,.411,4.6,11.6,.395,2.3,5.3,.444,3.1,3.5,.873,1.1,7.1,8.2,2.6,1.2,0.2,1.4,3.2,21.5,,115,114
162,Alec Burks\burksal01,SG,29,NYK,35,5,925,8.3,19.7,.423,3.8,9.4,.408,4.5,10.3,.437,4.2,4.9,.856,1.0,7.6,8.5,4.2,1.5,0.5,1.9,3.8,24.6,,115,109
163,Seth Curry\curryse01,SG,30,PHI,36,36,1054,7.5,16.3,.460,3.3,7.8,.424,4.2,8.5,.492,2.6,2.9,.921,0.3,3.2,3.4,4.6,1.4,0.4,2.4,2.8,20.9,,115,112
164,Luka Dončić\doncilu01,PG,21,DAL,40,40,1401,14.1,29.3,.483,4.1,11.3,.368,10.0,18.0,.556,7.6,10.2,.748,1.1,10.3,11.4,12.6,1.4,0.9,5.9,3.0,40.1,,115,111
165,Paul George\georgpa01,SF,30,LAC,36,36,1205,11.8,24.9,.473,4.7,11.1,.426,7.0,13.8,.510,4.9,5.6,.882,1.3,7.9,9.2,8.1,1.7,0.7,4.7,3.4,33.1,,115,111
166,Devonte' Graham\grahade01,PG,25,CHO,36,30,1088,7.0,18.6,.377,4.9,12.9,.379,2.1,5.7,.372,3.4,4.2,.819,0.7,3.6,4.2,8.3,1.5,0.1,2.4,2.3,22.3,,115,116
167,JaMychal Green\greenja01,PF,30,DEN,35,4,664,8.1,17.8,.456,3.8,9.5,.402,4.3,8.4,.518,2.5,2.9,.846,4.0,10.1,14.1,2.3,1.4,0.9,2.6,6.9,22.5,,115,111
168,LeBron James\jamesle01,PG,36,LAL,41,41,1388,13.6,26.4,.513,3.4,9.3,.368,10.1,17.1,.592,5.9,8.4,.703,0.8,10.5,11.3,11.3,1.5,0.8,5.3,2.3,36.4,,115,105
169,Zach LaVine\lavinza01,SG,25,CHI,45,45,1577,13.4,26.1,.513,4.7,10.9,.428,8.7,15.2,.574,6.1,7.0,.866,0.8,5.9,6.8,6.5,1.2,0.6,5.1,3.4,37.5,,115,113
170,Trey Lyles\lylestr01,PF,25,SAS,23,9,358,5.8,12.2,.478,1.9,5.4,.350,3.9,6.8,.580,2.0,3.1,.652,1.2,10.4,11.6,1.9,0.8,0.1,0.8,1.8,15.6,,115,112
171,Lauri Markkanen\markkla01,PF,23,CHI,25,24,739,10.0,20.8,.481,4.4,11.2,.391,5.6,9.6,.588,3.4,4.0,.839,1.2,8.1,9.4,1.5,0.8,0.7,2.1,2.9,27.8,,115,113
172,Chimezie Metu\metuch01,C,23,SAC,15,0,124,10.1,17.8,.565,1.2,2.7,.429,8.9,15.1,.590,2.7,3.9,.700,4.7,8.5,13.2,3.1,1.2,3.5,3.5,7.8,24.0,,115,115
173,Donovan Mitchell\mitchdo01,SG,24,UTA,44,44,1478,12.7,29.0,.439,5.0,12.4,.399,7.8,16.6,.468,6.8,8.1,.841,1.4,5.1,6.5,8.0,1.5,0.4,4.3,3.2,37.2,,115,111
174,David Nwaba\nwabada01,SF,28,HOU,30,9,679,7.4,15.2,.486,1.2,4.4,.270,6.2,10.8,.574,3.3,4.7,.691,2.8,5.4,8.2,2.2,2.1,1.5,1.2,4.2,19.3,,115,111
175,Chris Silva\silvach01,PF,24,TOT,12,0,84,5.9,8.2,.714,0.6,0.6,1.000,5.3,7.6,.692,6.5,8.8,.733,4.1,10.6,14.7,3.5,0.6,2.9,5.9,11.8,18.8,,115,107
176,Marcus Smart\smartma01,PG,26,BOS,28,25,896,6.4,16.2,.399,2.9,8.7,.333,3.6,7.5,.474,4.1,5.2,.781,0.8,3.8,4.5,8.1,2.2,0.8,2.6,3.8,19.9,,115,114
177,Karl-Anthony Towns\townska01,C,25,MIN,27,27,913,12.0,24.1,.496,3.3,8.2,.405,8.6,15.9,.542,6.5,7.5,.862,3.9,10.8,14.7,6.0,1.1,2.2,4.7,4.8,33.7,,115,112
178,Ryan Arcidiacono\arcidry01,PG,26,CHI,28,0,313,4.9,12.5,.390,2.4,7.5,.327,2.4,5.0,.485,1.8,2.4,.750,0.5,6.2,6.7,5.6,1.1,0.0,1.1,4.9,14.0,,114,114
179,Lonzo Ball\balllo01,PG,23,NOP,38,38,1205,7.9,18.6,.425,4.6,12.0,.385,3.3,6.7,.497,1.3,1.7,.767,0.9,5.5,6.4,8.5,2.0,0.8,3.1,3.1,21.8,,114,115
180,Desmond Bane\banede01,SG,22,MEM,40,10,895,7.6,15.5,.486,3.7,8.1,.458,3.8,7.4,.518,1.3,1.6,.833,0.8,5.4,6.2,2.8,1.4,0.3,2.1,4.0,20.2,,114,113
181,Bradley Beal\bealbr01,SG,27,WAS,41,41,1454,14.2,29.3,.485,2.8,8.4,.338,11.4,20.9,.544,9.4,10.4,.902,1.5,5.1,6.5,6.2,1.6,0.5,4.3,3.2,40.6,,114,115
182,Goga Bitadze\bitadgo01,C,21,IND,26,0,248,8.3,16.8,.494,1.2,5.6,.207,7.1,11.2,.638,3.5,5.0,.692,5.0,7.1,12.2,1.5,1.0,5.4,1.9,7.9,21.2,,114,108
183,Bismack Biyombo\biyombi01,C,28,CHO,44,25,957,5.1,8.8,.575,0.0,0.1,.000,5.1,8.7,.578,1.9,3.7,.500,4.5,7.3,11.8,2.9,0.6,2.6,2.4,5.4,12.0,,114,112
184,Mamadi Diakite\diakima01,PF,24,MIL,5,0,49,6.7,15.4,.438,0.0,2.9,.000,6.7,12.5,.538,0.0,0.0,,3.9,9.6,13.5,3.9,0.0,3.9,0.0,4.8,13.5,,114,109
185,De'Aaron Fox\foxde01,PG,23,SAC,46,46,1600,12.5,25.7,.486,2.6,7.7,.332,9.9,18.0,.552,6.7,9.6,.704,0.8,3.9,4.7,10.0,1.9,0.7,4.2,4.1,34.3,,114,119
186,Javonte Green\greenja02,SG,27,TOT,27,2,368,5.3,10.1,.526,0.9,3.1,.304,4.4,7.0,.623,2.7,4.0,.667,2.9,4.8,7.7,1.6,2.7,0.5,2.1,4.7,14.2,,114,113
187,Gordon Hayward\haywago01,SF,30,CHO,42,42,1448,10.1,21.3,.473,2.8,6.6,.417,7.3,14.7,.498,5.0,5.9,.847,1.2,7.0,8.2,5.8,1.7,0.5,3.0,2.4,27.9,,114,113
188,Justin Holiday\holidju01,SG,31,IND,45,36,1439,5.8,13.5,.430,3.9,9.8,.395,1.9,3.7,.523,1.6,2.1,.790,0.9,4.8,5.6,2.6,1.9,0.5,1.3,3.0,17.2,,114,113
189,Kira Lewis Jr.\lewiski01,PG,19,NOP,31,0,460,7.8,18.7,.418,2.4,6.8,.359,5.4,12.0,.451,2.1,2.9,.741,0.4,3.1,3.5,7.3,2.2,0.4,1.4,4.3,20.2,,114,117
190,Patty Mills\millspa02,PG,32,SAS,43,0,1108,8.3,19.1,.438,5.1,13.0,.394,3.2,6.1,.532,2.2,2.4,.911,0.5,2.6,3.1,4.7,1.3,0.0,1.9,2.4,24.0,,114,116
191,Mike Muscala\muscami01,C,29,OKC,35,0,645,8.8,19.8,.446,5.1,13.7,.370,3.8,6.2,.614,2.5,2.7,.917,1.4,8.4,9.8,2.1,0.6,0.8,1.6,4.0,25.2,,114,113
192,Nerlens Noel\noelne01,C,26,NYK,41,18,933,4.8,7.8,.614,0.0,0.1,.000,4.8,7.7,.622,1.3,2.0,.658,4.8,8.8,13.7,1.4,2.2,4.5,2.6,5.7,10.9,,114,101
193,Otto Porter\porteot01,SF,27,TOT,27,6,586,7.8,17.9,.438,3.2,8.2,.390,4.6,9.7,.479,2.8,3.3,.850,2.3,9.9,12.2,4.5,1.1,0.3,2.0,3.3,21.6,,114,112
194,Immanuel Quickley\quickim01,PG,21,NYK,42,3,842,10.0,25.5,.391,4.9,13.1,.376,5.0,12.4,.407,7.1,8.0,.888,1.1,4.6,5.7,5.8,1.3,0.6,2.4,5.1,31.9,,114,111
195,Jahmi'us Ramsey\ramseja01,SG,19,SAC,5,0,17,8.5,14.1,.600,2.8,8.5,.333,5.7,5.7,1.000,0.0,0.0,,0.0,11.3,11.3,2.8,0.0,2.8,2.8,0.0,19.8,,114,117
196,J.J. Redick\redicjj01,SG,36,NOP,31,0,576,7.4,18.1,.407,4.3,11.8,.364,3.0,6.3,.486,3.8,4.0,.957,0.3,4.1,4.4,3.4,0.8,0.2,2.1,3.1,22.8,,114,120
197,Domantas Sabonis\sabondo01,PF,24,IND,45,45,1626,10.2,19.3,.526,1.1,3.4,.308,9.1,15.9,.573,5.7,7.9,.721,3.3,11.6,15.0,8.1,1.6,0.7,4.5,4.6,27.1,,114,110
198,Xavier Tillman Sr.\tillmxa01,PF,22,MEM,34,7,631,6.9,13.2,.520,0.8,2.8,.270,6.1,10.4,.587,1.7,2.3,.733,3.2,7.2,10.5,3.7,2.1,1.4,2.0,5.4,16.1,,114,109
199,Moritz Wagner\wagnemo01,C,23,TOT,28,13,396,7.5,15.0,.496,1.6,5.2,.311,5.8,9.8,.595,4.9,6.3,.778,1.6,7.8,9.4,4.0,2.6,0.9,2.8,7.6,21.5,,114,111
200,Christian Wood\woodch01,C,25,HOU,23,23,714,12.9,23.5,.551,2.6,6.8,.379,10.4,16.7,.622,4.3,6.4,.670,2.6,12.3,14.9,2.0,1.3,2.1,2.7,3.1,32.8,,114,108
201,OG Anunoby\anunoog01,SF,23,TOR,29,29,970,7.6,15.7,.484,3.3,8.2,.406,4.3,7.5,.570,2.6,3.4,.754,2.1,6.4,8.5,2.6,2.4,1.1,2.6,4.1,21.1,,113,111
202,Jordan Bone\bonejo01,PG,23,ORL,14,0,196,5.7,13.4,.426,2.5,8.0,.313,3.2,5.5,.591,0.0,0.0,,1.0,5.0,6.0,4.5,0.5,0.0,0.7,2.7,13.9,,113,117
203,Miles Bridges\bridgmi02,PF,22,CHO,46,2,1220,6.7,13.5,.497,2.2,6.0,.368,4.5,7.4,.601,2.0,2.3,.895,2.3,8.0,10.4,3.6,1.1,1.3,2.8,4.1,17.6,,113,113
204,Malcolm Brogdon\brogdma01,PG,28,IND,43,43,1518,11.1,23.9,.462,3.7,9.0,.411,7.4,14.9,.494,3.4,3.9,.870,1.1,5.3,6.4,8.1,1.4,0.3,2.9,2.6,29.2,,113,114
205,Trey Burke\burketr01,PG,28,DAL,44,0,664,8.3,18.4,.450,3.4,9.1,.374,4.9,9.3,.524,2.4,2.8,.868,0.4,2.7,3.1,4.7,1.9,0.2,1.8,3.5,22.4,,113,116
206,Kyle Guy\guyky01,PG,23,SAC,19,0,144,6.7,18.0,.370,3.3,10.3,.323,3.3,7.7,.435,2.7,3.3,.800,1.0,6.0,7.0,6.3,1.3,0.0,1.0,4.7,19.4,,113,120
207,Gary Harris\harriga01,SG,26,DEN,19,19,581,5.9,13.3,.442,2.0,6.4,.320,3.8,6.9,.556,1.9,2.6,.733,1.1,2.9,4.0,2.7,1.5,0.3,1.2,3.2,15.7,,113,116
208,Cameron Johnson\johnsca02,PF,24,PHO,40,9,933,7.3,16.7,.434,4.3,11.5,.373,3.0,5.2,.566,1.7,2.0,.865,1.1,5.7,6.8,2.9,1.2,0.7,1.5,2.9,20.5,,113,111
209,Boban Marjanović\marjabo01,C,32,DAL,22,2,185,11.7,23.9,.489,0.0,1.3,.000,11.7,22.6,.518,3.5,4.8,.722,9.3,14.4,23.7,1.9,0.3,0.8,2.4,5.1,26.9,,113,112
210,Cody Martin\martico01,SF,25,CHO,34,2,474,5.5,11.3,.486,0.9,3.5,.265,4.6,7.9,.584,1.6,2.4,.667,3.1,6.0,9.1,4.9,1.9,0.6,2.2,3.2,13.6,,113,113
211,Larry Nance Jr.\nancela02,PF,28,CLE,29,27,950,6.0,12.2,.487,1.9,4.9,.379,4.1,7.3,.560,1.3,2.1,.634,2.6,8.0,10.6,4.7,2.7,0.9,2.3,3.2,15.2,,113,110
212,Naz Reid\reidna01,C,21,MIN,45,13,863,10.6,20.3,.522,2.0,5.9,.336,8.6,14.4,.597,4.1,5.8,.698,2.7,8.3,11.1,2.8,1.5,2.7,2.7,6.5,27.2,,113,112
213,Glenn Robinson III\robingl02,SF,27,SAC,23,2,369,5.5,12.9,.424,2.1,5.7,.364,3.4,7.2,.473,2.7,3.0,.913,1.4,4.4,5.9,2.6,0.5,0.4,1.4,3.0,15.8,,113,122
214,Pascal Siakam\siakapa01,PF,26,TOR,38,38,1339,9.9,22.2,.448,1.7,5.8,.294,8.2,16.4,.502,6.0,7.2,.826,2.6,7.5,10.1,6.4,1.5,0.9,2.8,4.4,27.5,,113,113
215,Ben Simmons\simmobe01,PG,24,PHI,39,39,1319,8.6,15.5,.557,0.1,0.3,.333,8.5,15.1,.562,4.9,7.6,.646,2.5,8.5,11.0,10.5,2.1,0.9,5.1,4.5,22.2,,113,106
216,Anfernee Simons\simonan01,SG,21,POR,39,0,656,8.1,19.7,.409,5.9,14.0,.422,2.2,5.7,.377,1.8,2.3,.774,0.6,6.3,6.9,4.3,0.6,0.4,2.3,4.9,23.8,,113,121
217,Jayson Tatum\tatumja01,SF,22,BOS,41,41,1462,12.7,28.2,.451,3.9,10.0,.385,8.9,18.2,.487,5.4,6.3,.861,1.0,8.4,9.4,6.0,1.8,0.6,3.3,2.6,34.7,,113,112
218,Fred VanVleet\vanvlfr01,SG,26,TOR,42,42,1544,8.7,21.9,.395,4.5,12.0,.373,4.2,10.0,.422,4.6,5.2,.886,0.9,4.8,5.6,8.1,2.2,0.9,2.6,3.2,26.4,,113,113
219,Nikola Vučević\vucevni01,C,30,TOT,46,46,1558,14.2,29.3,.485,3.7,9.3,.402,10.5,20.1,.523,3.0,3.6,.833,2.8,13.9,16.7,5.5,1.3,0.9,2.7,2.7,35.1,,113,109
220,Thanasis Antetokounmpo\antetth01,SF,28,MIL,34,1,335,6.6,11.7,.566,0.8,2.5,.333,5.8,9.2,.631,1.5,3.4,.458,4.8,6.1,10.8,3.9,1.7,1.0,3.5,6.1,15.6,,112,111
221,Bogdan Bogdanović\bogdabo01,SG,28,ATL,22,5,526,8.2,19.6,.416,4.2,12.1,.349,3.9,7.5,.525,1.5,1.6,.941,1.0,5.5,6.6,5.1,1.5,0.4,2.0,4.2,22.0,,112,115
222,Bojan Bogdanović\bogdabo02,SF,31,UTA,46,46,1382,7.7,18.6,.412,3.9,10.1,.385,3.8,8.5,.444,4.3,4.9,.871,0.8,5.3,6.2,3.1,0.8,0.1,2.4,2.7,23.4,,112,112
223,Jaylen Brown\brownja02,SG,24,BOS,43,43,1462,13.3,27.5,.484,3.8,9.6,.392,9.6,18.0,.534,4.9,6.5,.762,1.5,6.5,8.1,5.4,1.7,0.7,4.0,4.2,35.3,,112,114
224,Sterling Brown\brownst02,SG,25,HOU,44,11,1065,5.5,12.8,.432,3.3,8.3,.403,2.2,4.5,.485,1.0,1.1,.917,1.6,7.6,9.2,2.9,1.6,0.5,1.6,3.9,15.3,,112,112
225,Devontae Cacok\cacokde01,PF,24,LAL,9,1,45,9.7,15.1,.643,0.0,0.0,,9.7,15.1,.643,0.0,2.2,.000,4.3,9.7,14.0,1.1,4.3,1.1,2.2,4.3,19.4,,112,99
226,Jae Crowder\crowdja01,PF,30,PHO,43,28,1200,6.1,15.1,.401,4.3,11.4,.379,1.7,3.7,.467,1.7,2.0,.837,0.9,8.0,8.9,3.7,1.5,0.6,1.6,3.2,18.1,,112,109
227,Devon Dotson\dotsode01,PG,21,CHI,3,0,15,6.4,12.7,.500,0.0,0.0,,6.4,12.7,.500,0.0,0.0,,3.2,3.2,6.4,0.0,3.2,0.0,0.0,3.2,12.7,,112,111
228,Evan Fournier\fournev01,SF,28,TOT,27,26,820,10.1,22.6,.449,4.3,11.5,.378,5.8,11.1,.522,5.8,7.3,.797,0.3,4.3,4.6,5.7,1.7,0.7,3.3,3.5,30.4,,112,113
229,Danny Green\greenda02,SF,33,PHI,47,47,1343,5.6,13.5,.415,4.3,10.6,.406,1.3,3.0,.446,0.7,0.9,.731,1.3,4.7,6.0,2.8,2.2,1.4,1.9,3.1,16.2,,112,108
230,Tyler Johnson\johnsty01,SG,28,BRK,28,2,466,5.2,13.2,.391,3.4,9.3,.367,1.8,3.9,.447,1.7,2.0,.842,0.4,5.2,5.6,2.8,1.2,0.0,0.9,3.0,15.4,,112,117
231,Tyus Jones\jonesty01,PG,24,MEM,44,8,865,7.1,16.4,.433,1.5,5.4,.283,5.6,11.0,.508,1.3,1.5,.889,0.8,4.6,5.4,10.0,2.7,0.3,2.0,1.1,17.1,,112,110
232,Kenyon Martin Jr.\martike04,SF,20,HOU,19,0,363,6.7,13.1,.510,1.0,2.9,.364,5.6,10.2,.551,2.9,3.8,.759,4.3,7.2,11.5,1.7,1.4,2.3,2.5,4.4,17.2,,112,110
233,Jaylen Nowell\nowelja01,SG,21,MIN,33,0,641,9.4,21.0,.449,3.4,9.4,.362,6.0,11.7,.519,2.9,3.5,.830,1.3,4.3,5.6,3.8,1.4,0.7,1.7,4.8,25.1,,112,117
234,Chuma Okeke\okekech01,PF,22,ORL,31,5,702,4.9,11.4,.433,2.4,5.8,.410,2.6,5.6,.457,1.0,1.4,.700,1.9,6.0,7.9,4.2,1.8,0.8,1.7,2.2,13.2,,112,112
235,Julius Randle\randlju01,PF,26,NYK,46,46,1704,11.1,23.7,.468,2.7,6.5,.419,8.4,17.2,.486,6.2,7.8,.787,1.9,12.6,14.5,7.8,1.2,0.3,4.5,4.2,31.0,,112,107
236,Myles Turner\turnemy01,C,24,IND,42,42,1304,6.8,14.3,.477,2.3,6.8,.333,4.6,7.5,.608,3.6,4.6,.786,2.1,7.8,9.9,1.6,1.4,5.4,2.1,5.4,19.6,,112,106
237,Devin Vassell\vassede01,SF,20,SAS,37,1,633,5.2,12.6,.412,2.7,6.5,.412,2.5,6.1,.413,2.0,2.3,.867,1.3,7.3,8.6,2.8,2.5,0.8,1.1,3.9,15.1,,112,109
238,LaMelo Ball\ballla01,PG,19,CHO,41,21,1174,9.8,21.7,.451,3.3,8.9,.375,6.4,12.8,.503,4.0,5.1,.789,2.2,7.7,9.9,10.3,2.7,0.6,4.7,4.8,26.8,,111,110
239,Robert Covington\covinro01,PF,30,POR,44,44,1425,4.6,11.4,.405,3.1,8.1,.381,1.5,3.3,.463,1.1,1.3,.821,1.2,9.1,10.3,2.6,2.5,2.0,1.7,4.2,13.4,,111,113
240,Donte DiVincenzo\divindo01,SG,24,MIL,45,45,1228,6.9,16.3,.421,3.4,8.8,.383,3.5,7.5,.467,1.2,1.8,.674,2.2,7.2,9.4,5.2,2.0,0.3,2.3,2.7,18.3,,111,111
241,Marc Gasol\gasolma01,C,36,LAL,38,38,754,3.8,9.4,.404,2.1,6.0,.355,1.7,3.4,.491,2.1,2.7,.786,1.7,7.9,9.6,4.8,1.2,3.0,2.3,5.7,11.8,,111,104
242,Juan Hernangómez\hernaju01,PF,25,MIN,28,6,485,6.7,15.3,.439,2.7,8.2,.333,4.0,7.1,.562,2.8,4.3,.659,2.6,9.5,12.1,1.6,1.2,0.2,1.4,2.6,19.0,,111,115
243,Kevin Huerter\huertke01,SG,22,ATL,47,33,1462,6.9,16.6,.415,3.3,9.1,.367,3.5,7.5,.473,1.3,1.6,.826,1.0,4.5,5.5,5.6,1.9,0.4,2.0,3.7,18.4,,111,115
244,Keldon Johnson\johnske04,SF,21,SAS,41,39,1186,8.4,17.8,.471,1.5,4.4,.330,6.9,13.4,.518,4.0,5.1,.770,2.7,8.0,10.7,3.2,1.0,0.9,1.9,3.8,22.2,,111,112
245,Luke Kornet\kornelu01,PF,25,TOT,15,0,120,6.4,15.2,.421,4.0,12.0,.333,2.4,3.2,.750,0.8,2.0,.400,1.6,8.0,9.6,2.8,0.8,3.2,1.2,0.8,17.6,,111,110
246,Malik Monk\monkma01,SG,22,CHO,31,0,673,10.3,22.3,.463,4.8,11.5,.419,5.5,10.8,.510,3.8,4.7,.815,0.8,5.1,5.9,4.1,1.1,0.3,3.2,2.7,29.3,,111,116
247,Ricky Rubio\rubiori01,PG,30,MIN,45,30,1187,4.9,12.7,.387,1.4,4.9,.295,3.5,7.8,.444,3.7,4.4,.845,0.8,4.9,5.7,12.3,2.4,0.1,3.5,4.0,14.9,,111,115
248,Gary Trent Jr.\trentga02,SG,22,TOT,44,26,1359,8.2,20.2,.409,4.5,11.6,.388,3.7,8.6,.437,2.1,2.8,.766,0.8,2.9,3.7,2.3,1.4,0.2,1.2,2.5,23.1,,111,121
249,Carmelo Anthony\anthoca01,PF,36,POR,45,3,1169,9.3,22.3,.417,3.3,8.6,.383,6.0,13.7,.439,4.2,4.9,.863,1.0,5.1,6.2,3.2,1.6,1.3,1.9,4.2,26.1,,110,118
250,Marvin Bagley III\baglema01,PF,21,SAC,37,37,951,10.6,21.0,.502,1.7,4.9,.354,8.8,16.2,.547,3.1,5.5,.560,4.6,9.3,13.9,1.8,0.9,1.0,2.5,4.5,25.9,,110,118
251,DeAndre' Bembry\bembrde01,SF,26,TOR,32,7,548,5.5,10.4,.534,0.8,2.5,.321,4.7,7.9,.600,1.5,2.2,.680,1.5,5.3,6.8,5.5,1.8,0.9,2.9,4.4,13.4,,110,114
252,Nemanja Bjelica\bjeline01,PF,32,TOT,27,1,444,7.5,16.2,.460,1.8,6.3,.293,5.6,10.0,.565,3.5,4.5,.762,2.6,8.3,10.9,5.3,0.9,0.2,3.1,5.4,20.2,,110,119
253,Reggie Bullock\bullore01,SF,29,NYK,40,39,1105,5.9,14.2,.414,3.6,9.4,.386,2.3,4.8,.467,1.1,1.3,.862,0.5,5.6,6.1,2.4,1.3,0.4,1.4,4.2,16.5,,110,111
254,Facundo Campazzo\campafa01,PG,29,DEN,41,1,740,4.1,11.2,.365,2.7,7.8,.342,1.4,3.3,.420,2.2,2.7,.805,0.6,3.1,3.8,7.5,2.8,0.6,2.6,5.4,13.1,,110,112
255,Jevon Carter\carteje01,PG,25,PHO,34,0,322,5.5,14.6,.379,3.2,9.8,.328,2.3,4.8,.484,0.3,0.3,1.000,0.5,5.5,6.0,5.8,2.0,1.1,0.9,5.1,14.6,,110,108
256,Jerami Grant\grantje01,SF,26,DET,43,43,1508,10.4,24.6,.424,3.2,9.0,.350,7.3,15.5,.466,7.7,8.9,.868,1.0,5.9,6.9,3.9,1.0,1.5,2.8,3.5,31.8,,110,113
257,Maurice Harkless\harklma01,SF,27,TOT,13,3,150,3.3,7.2,.455,2.6,5.2,.500,0.7,2.0,.333,0.0,0.7,.000,1.0,3.9,4.9,3.0,0.7,1.3,1.6,5.2,9.2,,110,115
258,Al Horford\horfoal01,C,34,OKC,28,28,782,9.9,22.1,.450,3.4,9.3,.368,6.5,12.7,.510,1.1,1.3,.818,1.8,9.7,11.5,5.8,1.5,1.6,1.8,2.9,24.4,,110,109
259,Cory Joseph\josepco01,PG,29,TOT,47,2,1016,5.7,12.9,.445,1.6,4.7,.330,4.2,8.1,.512,2.3,2.8,.800,1.3,4.0,5.3,5.6,2.0,0.5,2.4,5.0,15.3,,110,119
260,Mychal Mulder\muldemy01,PG,26,GSW,39,2,393,5.8,13.9,.419,4.8,12.0,.396,1.1,1.9,.563,1.2,2.0,.588,0.1,3.8,3.9,1.9,1.0,1.0,1.0,3.2,17.6,,110,114
261,Abdel Nader\naderab01,SF,27,PHO,24,0,355,7.9,16.2,.491,2.5,6.0,.419,5.4,10.2,.534,3.9,5.2,.757,1.0,7.7,8.6,2.6,1.4,1.3,2.6,4.7,22.3,,110,108
262,Raul Neto\netora01,PG,28,WAS,40,6,819,7.0,15.6,.448,2.1,5.8,.365,4.8,9.7,.497,2.0,2.4,.814,0.8,4.4,5.2,4.9,2.6,0.2,1.7,3.6,18.0,,110,114
263,Georges Niang\niangge01,PF,27,UTA,46,0,628,7.0,16.4,.425,4.6,11.8,.395,2.3,4.6,.500,0.4,0.4,1.000,1.1,6.3,7.4,2.5,1.1,0.4,2.1,5.3,19.0,,110,111
264,Josh Richardson\richajo01,SG,27,DAL,36,36,1151,7.0,16.1,.435,2.4,7.6,.316,4.6,8.5,.540,3.2,3.5,.926,1.4,4.0,5.3,4.3,1.5,0.6,2.4,4.0,19.6,,110,115
265,Duncan Robinson\robindu01,SF,26,MIA,47,47,1538,6.3,14.9,.425,5.0,12.8,.394,1.3,2.1,.606,1.5,1.8,.836,0.1,5.5,5.7,2.6,0.8,0.3,1.8,3.8,19.2,,110,113
266,Collin Sexton\sextoco01,SG,22,CLE,40,40,1439,12.1,25.4,.476,2.3,6.1,.374,9.8,19.3,.509,6.3,7.8,.803,1.1,2.8,3.9,5.8,1.6,0.1,3.7,3.7,32.8,,110,117
267,Udoka Azubuike\azubuud01,C,21,UTA,12,0,49,4.0,6.9,.571,0.0,0.0,,4.0,6.9,.571,4.0,5.9,.667,4.0,8.9,12.9,0.0,1.0,4.0,3.0,7.9,11.9,,109,105
268,Mo Bamba\bambamo01,C,22,ORL,25,0,282,9.5,20.6,.462,2.3,7.4,.302,7.3,13.2,.553,2.1,3.5,.600,5.2,13.0,18.2,1.7,0.5,4.2,1.7,6.4,23.4,,109,107
269,Malik Beasley\beaslma01,SG,24,MIN,35,34,1153,10.5,23.7,.444,5.0,12.6,.396,5.5,11.1,.498,2.6,3.0,.851,1.1,5.3,6.5,3.6,1.2,0.2,2.4,2.5,28.7,,109,118
270,Eric Bledsoe\bledser01,SG,31,NOP,45,44,1331,6.8,16.2,.419,2.9,8.0,.367,3.8,8.2,.469,2.4,3.6,.657,0.7,4.9,5.5,6.3,1.2,0.5,2.5,2.8,18.8,,109,118
271,Devin Booker\bookede01,SG,24,PHO,42,42,1425,13.5,27.5,.489,3.0,8.5,.350,10.5,19.0,.551,6.6,7.7,.848,0.5,5.5,6.0,6.6,1.3,0.3,4.8,4.1,36.5,,109,111
272,Kentavious Caldwell-Pope\caldwke01,SG,27,LAL,43,43,1129,5.2,12.5,.421,2.7,6.9,.394,2.5,5.6,.454,2.4,2.8,.859,0.8,3.7,4.5,2.8,1.5,0.5,1.8,2.9,15.6,,109,109
273,Chris Chiozza\chiozch01,PG,25,BRK,16,0,165,6.1,18.4,.333,3.2,9.3,.344,2.9,9.0,.323,2.9,3.8,.769,0.9,3.8,4.7,13.7,1.8,1.2,3.2,3.2,18.4,,109,115
274,Rui Hachimura\hachiru01,PF,22,WAS,39,39,1239,7.9,16.5,.481,1.3,3.9,.337,6.6,12.6,.525,3.6,4.7,.778,1.2,7.4,8.6,2.3,1.1,0.1,1.8,3.1,20.8,,109,115
275,Buddy Hield\hieldbu01,SG,28,SAC,47,47,1640,7.8,19.6,.399,5.5,14.3,.385,2.3,5.3,.436,1.8,2.2,.851,0.6,5.7,6.3,4.4,1.1,0.5,2.4,3.6,23.0,,109,120
276,Isaiah Joe\joeis01,SG,21,PHI,24,1,259,5.7,16.0,.356,4.4,12.4,.358,1.3,3.7,.350,0.9,0.9,1.000,1.1,3.7,4.8,2.8,1.3,0.7,0.9,4.2,16.8,,109,111
277,Landry Shamet\shamela01,SG,23,BRK,39,1,785,6.1,15.5,.391,4.4,11.7,.374,1.7,3.9,.444,2.2,2.6,.837,0.5,3.8,4.3,2.6,1.2,0.3,1.7,3.1,18.7,,109,117
278,Edmond Sumner\sumneed01,SG,25,IND,32,5,395,7.9,15.6,.504,2.3,5.9,.388,5.6,9.7,.575,3.6,4.5,.811,1.5,4.0,5.5,2.1,1.9,0.4,2.9,5.1,21.7,,109,114
279,Matisse Thybulle\thybuma01,SG,23,PHI,44,5,844,3.6,8.8,.410,1.7,5.4,.313,1.9,3.4,.567,0.5,0.8,.571,1.3,3.3,4.6,2.5,3.8,2.4,1.0,5.1,9.4,,109,104
280,Kemba Walker\walkeke02,PG,30,BOS,28,28,862,9.8,24.8,.396,4.5,12.8,.356,5.3,12.0,.439,4.7,5.1,.933,0.5,5.1,5.6,7.3,1.9,0.5,3.5,2.1,28.9,,109,114
281,Grant Williams\willigr01,PF,22,BOS,39,8,736,4.7,10.2,.455,2.2,5.4,.407,2.5,4.9,.507,1.3,2.4,.528,2.5,5.7,8.3,2.7,1.5,1.1,2.3,6.9,12.8,,109,114
282,Avery Bradley\bradlav01,SG,30,TOT,11,1,226,7.0,15.7,.444,3.7,9.2,.405,3.3,6.5,.500,1.5,2.0,.778,0.4,3.9,4.4,3.7,2.0,0.2,2.0,5.9,19.2,,108,112
283,Jordan Clarkson\clarkjo01,SG,28,UTA,46,0,1177,11.9,28.2,.421,5.7,16.3,.352,6.1,11.9,.516,3.1,3.3,.949,1.5,6.1,7.6,4.1,1.6,0.3,3.3,2.6,32.6,,108,110
284,Quinn Cook\cookqu01,PG,27,TOT,23,0,157,9.1,21.2,.426,3.4,8.1,.423,5.6,13.1,.429,2.2,2.5,.875,0.6,4.7,5.3,5.6,1.2,0.3,2.2,3.1,23.7,,108,113
285,PJ Dozier\doziepj01,SG,24,DEN,32,0,649,6.5,15.3,.425,2.3,6.3,.361,4.2,8.9,.470,2.2,3.5,.630,1.8,7.3,9.1,4.0,1.2,1.2,2.0,4.5,17.5,,108,113
286,CJ Elleby\ellebcj01,SF,20,POR,14,0,117,5.9,14.2,.412,2.1,8.8,.238,3.8,5.4,.692,2.5,3.8,.667,2.1,4.2,6.3,1.3,1.7,1.3,1.3,7.5,16.3,,108,118
287,Eric Gordon\gordoer01,SG,32,HOU,27,13,789,9.5,22.0,.433,4.1,12.6,.329,5.4,9.4,.573,5.6,6.8,.825,0.5,3.0,3.5,4.3,0.8,0.8,3.1,2.6,28.9,,108,116
288,Isaiah Hartenstein\harteis01,C,22,TOT,31,1,298,7.1,14.6,.489,0.2,0.5,.333,7.0,14.1,.494,3.7,6.3,.579,7.0,9.5,16.5,3.7,1.8,3.5,3.7,10.6,18.1,,108,107
289,Jake Layman\laymaja01,SF,26,MIN,33,10,531,6.7,13.6,.490,1.7,5.8,.292,5.0,7.8,.636,2.0,2.7,.767,1.2,4.3,5.4,2.3,2.2,1.4,2.0,3.2,17.1,,108,114
290,Dakota Mathias\mathida01,SG,25,PHI,8,2,123,7.4,18.6,.396,3.1,10.1,.308,4.3,8.5,.500,0.8,2.3,.333,0.4,2.3,2.7,5.0,0.4,1.2,0.4,2.7,18.6,,108,114
291,Shake Milton\miltosh01,SG,24,PHI,39,2,957,9.7,21.7,.448,1.9,6.2,.306,7.8,15.5,.505,5.4,6.3,.857,1.1,3.3,4.4,5.9,1.2,0.5,3.4,4.4,26.7,,108,112
292,Ja Morant\moranja01,PG,21,MEM,36,36,1137,10.4,23.7,.438,1.3,5.4,.234,9.1,18.3,.498,6.7,8.8,.762,1.4,3.7,5.1,11.3,1.3,0.3,4.3,2.3,28.7,,108,114
293,Juwan Morgan\morgaju01,PF,23,UTA,19,0,84,4.0,9.8,.412,1.7,6.4,.273,2.3,3.5,.667,0.6,2.9,.200,3.5,5.8,9.3,2.3,2.3,0.0,1.2,8.1,10.4,,108,109
294,Daniel Oturu\oturuda01,C,21,LAC,16,0,73,8.1,15.6,.522,0.0,0.7,.000,8.1,14.9,.545,1.4,2.7,.500,5.4,8.1,13.5,4.1,0.7,2.0,3.4,7.4,17.6,,108,111
295,Justin Patton\pattoju01,C,23,HOU,13,6,247,5.6,13.4,.414,1.7,6.5,.265,3.8,6.9,.556,0.6,0.8,.750,2.7,6.7,9.4,2.7,2.3,2.7,0.8,6.5,13.4,,108,108
296,Isaiah Roby\robyis01,PF,22,OKC,40,20,930,7.1,14.0,.506,1.1,3.4,.318,6.0,10.6,.566,3.2,4.5,.724,3.2,8.3,11.6,3.6,1.9,1.4,3.3,5.5,18.4,,108,109
297,Dario Šarić\saricda01,C,26,PHO,28,0,519,9.7,20.8,.468,3.0,8.2,.360,6.8,12.6,.538,4.7,5.2,.891,2.5,8.9,11.3,3.4,1.4,0.3,3.7,5.7,27.0,,108,109
298,Jeff Teague\teaguje01,PG,32,BOS,34,5,616,6.2,14.9,.415,2.1,4.5,.464,4.1,10.5,.394,4.1,4.8,.836,0.8,3.7,4.5,5.8,2.1,0.6,3.1,3.4,18.5,,108,115
299,Lou Williams\willilo02,PG,34,LAC,42,3,918,9.7,23.1,.421,2.4,6.4,.378,7.3,16.7,.437,5.5,6.4,.866,0.8,3.9,4.7,7.7,2.1,0.2,3.5,2.3,27.4,,108,113
300,LaMarcus Aldridge\aldrila01,C,35,SAS,21,18,544,10.2,22.1,.464,2.4,6.7,.360,7.8,15.4,.509,2.8,3.3,.838,1.5,6.9,8.4,3.2,0.7,1.6,1.8,3.2,25.6,,107,112
301,Keita Bates-Diop\bateske01,SF,25,SAS,16,0,118,4.5,13.1,.344,2.1,6.2,.333,2.5,7.0,.353,2.9,4.1,.700,2.1,6.2,8.2,2.9,2.5,0.4,0.4,2.1,14.0,,107,110
302,Vernon Carey Jr.\careyve01,C,19,CHO,7,0,25,3.9,7.7,.500,0.0,1.9,.000,3.9,5.8,.667,1.9,3.9,.500,3.9,13.5,17.4,1.9,0.0,1.9,1.9,0.0,9.7,,107,111
303,Hamidou Diallo\diallha01,SG,22,TOT,34,5,807,9.0,18.5,.486,0.8,2.6,.302,8.2,15.9,.515,5.4,8.4,.645,2.3,8.2,10.5,4.8,1.9,0.8,3.0,5.2,24.1,,107,110
304,Jared Dudley\dudleja01,PF,35,LAL,11,0,76,1.3,4.5,.286,1.3,3.2,.400,0.0,1.3,.000,0.0,0.0,,2.6,9.6,12.1,3.2,0.6,0.6,1.3,4.5,3.8,,107,107
305,Dwight Howard\howardw01,C,35,PHI,47,5,806,7.0,12.3,.570,0.2,0.8,.286,6.8,11.4,.591,4.5,8.1,.555,7.2,15.3,22.5,2.1,1.2,2.5,4.9,8.3,18.7,,107,103
306,Tyrese Maxey\maxeyty01,SG,20,PHI,41,6,603,10.1,22.1,.459,1.5,5.0,.302,8.6,17.1,.505,2.2,2.6,.848,0.7,4.7,5.4,5.0,1.2,0.5,2.0,3.7,24.0,,107,111
307,Kelly Olynyk\olynyke01,C,29,TOT,45,40,1216,7.2,16.3,.441,3.3,10.3,.319,3.9,6.0,.653,1.5,1.9,.809,1.8,9.3,11.1,3.9,1.8,1.1,2.3,5.2,19.2,,107,108
308,Garrett Temple\templga01,SG,34,CHI,37,12,1002,5.3,12.6,.424,2.2,6.5,.336,3.1,6.0,.520,1.5,1.8,.816,1.0,4.4,5.4,3.5,1.6,0.9,1.7,4.0,14.3,,107,113
309,T.J. Warren\warretj01,SF,27,IND,4,4,117,11.0,20.9,.529,0.0,2.9,.000,11.0,18.0,.614,3.3,4.1,.800,0.8,4.9,5.7,2.0,0.8,0.0,1.6,6.5,25.4,,107,116
310,Hassan Whiteside\whiteha01,C,31,SAC,28,1,416,11.1,20.0,.555,0.0,0.1,.000,11.1,19.9,.558,3.8,7.3,.524,5.7,13.9,19.5,1.8,0.7,4.5,3.7,6.0,26.0,,107,111
311,Precious Achiuwa\achiupr01,PF,21,MIA,45,2,577,8.3,14.8,.561,0.0,0.0,,8.3,14.8,.561,4.0,8.0,.500,4.8,9.2,14.0,2.1,1.3,2.0,3.2,6.0,20.6,,106,108
312,Will Barton\bartowi01,SF,30,DEN,44,40,1362,7.4,17.3,.426,2.7,7.3,.370,4.7,10.0,.467,2.2,2.9,.750,1.1,5.6,6.7,5.0,1.4,0.8,2.7,2.7,19.7,,106,114
313,Danuel House\houseda01,SF,27,HOU,28,18,779,5.6,13.7,.407,2.7,7.7,.357,2.9,6.1,.470,2.1,3.1,.667,1.1,5.8,6.9,3.5,1.1,0.8,1.6,3.3,16.0,,106,114
314,Wesley Matthews\matthwe02,SG,34,LAL,40,5,805,3.6,9.9,.358,2.7,7.8,.341,0.9,2.2,.417,1.1,1.3,.857,0.7,3.0,3.7,2.5,1.3,0.8,1.1,3.5,10.9,,106,109
315,Jaden McDaniels\mcdanja02,PF,20,MIN,40,6,849,5.3,12.1,.436,2.3,6.3,.372,3.0,5.8,.505,0.8,1.6,.500,1.6,6.0,7.6,2.3,1.1,2.4,1.4,5.2,13.7,,106,115
316,Markieff Morris\morrima02,PF,31,LAL,41,17,766,6.0,14.3,.418,2.9,8.4,.341,3.1,5.9,.527,1.7,2.4,.711,1.8,9.8,11.5,2.7,0.7,0.8,2.0,4.5,16.5,,106,107
317,Dejounte Murray\murrade01,PG,24,SAS,43,43,1352,10.1,22.2,.456,1.4,4.6,.313,8.7,17.6,.493,2.5,3.1,.814,1.0,9.7,10.7,8.1,2.2,0.2,2.6,3.1,24.1,,106,109
318,Kendrick Nunn\nunnke01,PG,25,MIA,38,26,1087,9.0,19.7,.457,3.5,9.4,.372,5.5,10.3,.535,1.8,2.0,.907,0.7,4.7,5.4,4.5,1.8,0.4,2.6,3.1,23.3,,106,111
319,Austin Rivers\riverau01,SG,28,NYK,21,2,442,6.6,15.3,.430,3.2,8.7,.364,3.4,6.6,.517,1.1,1.6,.714,0.6,4.7,5.3,4.7,1.4,0.0,2.5,3.6,17.4,,106,112
320,Dennis Schröder\schrode01,SG,27,LAL,43,43,1365,8.0,18.4,.436,1.5,4.7,.318,6.5,13.7,.477,5.9,7.1,.839,0.8,4.6,5.4,7.5,1.8,0.4,4.2,4.2,23.5,,106,108
321,Yuta Watanabe\watanyu01,SF,26,TOR,28,1,316,3.5,10.5,.333,2.0,5.3,.371,1.5,5.2,.294,1.4,1.5,.900,3.5,9.6,13.1,2.0,1.7,2.1,1.2,4.0,10.4,,106,110
322,RJ Barrett\barrerj01,SG,20,NYK,47,47,1601,9.7,21.8,.443,1.7,5.1,.333,8.0,16.7,.478,4.4,6.0,.731,1.7,7.3,9.0,4.6,1.1,0.3,2.9,3.8,25.5,,105,111
323,Bol Bol\bolbo01,PF,21,DEN,20,2,107,8.8,16.7,.528,4.2,8.3,.500,4.6,8.3,.556,1.9,3.2,.571,0.0,7.4,7.4,2.8,0.9,2.8,4.2,5.1,23.6,,105,111
324,Drew Eubanks\eubandr01,C,23,SAS,27,0,351,6.6,13.1,.505,0.1,0.1,1.000,6.5,13.0,.500,3.9,5.5,.700,2.6,9.9,12.6,3.3,0.8,3.9,3.0,4.7,17.2,,105,107
325,Draymond Green\greendr01,PF,30,GSW,40,40,1201,3.5,8.8,.403,0.8,3.1,.266,2.7,5.7,.476,1.6,2.1,.774,1.2,8.7,10.0,13.1,2.2,1.2,4.4,4.9,9.5,,105,108
326,Furkan Korkmaz\korkmfu01,SG,23,PHI,36,5,694,7.4,18.6,.396,4.1,11.4,.358,3.3,7.2,.457,3.0,4.1,.746,0.7,4.5,5.2,2.7,1.9,0.5,2.2,2.8,21.8,,105,110
327,Caris LeVert\leverca01,SG,26,TOT,21,13,623,10.6,25.7,.410,3.0,8.9,.336,7.6,16.8,.450,3.4,4.2,.800,1.2,5.9,7.1,8.2,2.0,0.5,2.9,2.8,27.5,,105,113
328,Jusuf Nurkić\nurkiju01,C,26,POR,14,14,318,8.8,17.9,.491,0.8,2.5,.313,8.0,15.4,.520,2.6,5.1,.515,4.2,11.9,16.0,5.7,1.8,2.0,4.2,6.2,20.9,,105,112
329,Eric Paschall\pascher01,PF,24,GSW,38,2,654,10.1,20.3,.496,1.1,3.6,.320,8.9,16.7,.534,4.4,6.2,.713,1.9,6.5,8.4,3.5,0.8,0.4,2.8,4.6,25.7,,105,113
330,Chasson Randle\randlch01,PG,27,ORL,18,3,376,4.4,10.9,.405,2.5,6.6,.373,1.9,4.3,.455,1.7,2.1,.813,0.3,4.3,4.5,5.6,0.8,0.3,2.5,4.3,13.0,,105,116
331,Derrick Rose\rosede01,PG,32,TOT,27,3,644,10.6,24.7,.430,2.1,5.5,.380,8.5,19.2,.444,4.9,5.9,.842,0.5,3.9,4.5,8.9,2.4,0.9,3.8,2.4,28.3,,105,111
332,Derrick White\whitede01,SG,26,SAS,20,16,556,7.7,19.4,.395,3.6,10.5,.339,4.1,8.9,.461,4.0,4.6,.868,0.3,4.2,4.5,5.7,1.2,1.8,2.4,4.9,22.9,,105,112
333,Andrew Wiggins\wiggian01,PF,25,GSW,47,47,1519,9.9,20.8,.474,2.9,7.4,.397,7.0,13.5,.516,3.6,5.1,.705,1.5,5.4,6.9,3.2,1.3,1.4,2.8,3.1,26.3,,105,112
334,Alex Caruso\carusal01,PG,26,LAL,37,0,737,4.7,11.8,.402,2.1,5.5,.386,2.6,6.3,.417,2.0,3.1,.638,1.4,5.9,7.4,5.9,2.8,0.5,2.7,4.3,13.6,,104,105
335,Aaron Gordon\gordoaa01,PF,25,TOT,27,27,781,8.6,19.1,.448,2.7,7.3,.371,5.9,11.9,.495,4.1,6.6,.629,2.4,8.3,10.8,6.7,1.1,1.3,4.3,3.3,24.0,,104,112
336,Blake Griffin\griffbl01,PF,31,TOT,24,20,699,6.5,16.9,.383,3.0,9.1,.323,3.5,7.7,.455,3.6,5.1,.699,0.7,7.7,8.4,5.9,1.2,0.2,2.5,3.8,19.5,,104,114
337,Solomon Hill\hillso01,PF,29,ATL,46,1,869,3.8,10.3,.370,2.6,7.8,.336,1.2,2.5,.477,1.0,1.3,.783,1.3,4.4,5.7,2.2,1.8,0.4,1.5,4.1,11.2,,104,115
338,Frank Jackson\jacksfr01,PG,22,DET,17,4,217,7.7,17.9,.430,4.1,9.5,.429,3.6,8.4,.432,3.6,4.3,.842,1.1,4.5,5.7,2.7,1.1,0.0,3.4,4.3,23.2,,104,116
339,James Johnson\johnsja01,PF,33,DAL,29,1,504,6.5,14.2,.462,1.5,5.9,.250,5.1,8.3,.612,1.7,2.8,.586,1.4,7.0,8.4,4.9,2.3,2.2,2.6,5.8,16.2,,104,109
340,Stanley Johnson\johnsst04,PF,24,TOR,41,6,578,3.4,8.8,.387,2.2,5.8,.371,1.3,3.0,.417,1.2,1.5,.778,1.5,5.8,7.3,3.9,2.3,1.0,2.3,6.1,10.2,,104,112
341,Kevin Knox\knoxke01,SF,21,NYK,32,0,428,6.0,15.2,.392,3.6,9.3,.388,2.3,5.8,.400,1.5,1.9,.813,1.1,5.1,6.2,2.0,1.1,0.7,1.9,4.1,17.0,,104,111
342,Kyle Kuzma\kuzmaky01,SF,25,LAL,46,16,1262,8.5,19.4,.438,3.5,9.7,.367,5.0,9.7,.510,1.3,2.1,.636,3.3,8.8,12.1,2.9,0.8,0.9,2.9,3.1,21.9,,104,107
343,JaVale McGee\mcgeeja01,C,33,CLE,33,1,503,11.0,21.1,.521,0.5,2.0,.250,10.5,19.1,.549,3.5,5.4,.655,5.3,11.4,16.7,3.2,1.6,3.9,4.4,7.8,26.0,,104,107
344,D'Angelo Russell\russeda01,PG,24,MIN,20,19,583,11.3,26.4,.426,4.8,12.0,.399,6.5,14.4,.449,3.9,5.2,.750,0.7,3.5,4.2,8.2,1.8,0.8,4.4,3.2,31.2,,104,117
345,Obi Toppin\toppiob01,PF,22,NYK,37,0,435,7.1,15.0,.473,1.6,5.7,.280,5.5,9.3,.593,1.4,2.0,.706,1.8,7.7,9.5,2.1,1.1,1.3,2.2,4.2,17.2,,104,109
346,P.J. Washington\washipj01,PF,22,CHO,42,42,1250,6.8,15.5,.440,2.2,5.8,.383,4.6,9.8,.474,3.2,4.1,.776,2.4,8.3,10.7,4.5,1.6,2.0,3.6,4.5,19.1,,104,110
347,Coby White\whiteco01,PG,20,CHI,44,36,1388,8.4,20.4,.409,3.4,9.7,.351,4.9,10.7,.462,2.6,3.0,.895,0.7,6.2,6.9,7.0,0.8,0.2,3.4,3.7,22.8,,104,115
348,Nickeil Alexander-Walker\alexani01,SG,22,NOP,38,8,762,8.9,21.3,.419,3.8,10.9,.345,5.2,10.4,.497,2.1,2.7,.767,0.6,6.6,7.3,4.8,2.3,1.1,3.1,4.5,23.8,,103,114
349,Aron Baynes\baynear01,C,34,TOR,44,30,804,6.4,15.1,.425,1.2,5.0,.238,5.2,10.1,.518,1.5,2.0,.735,4.3,9.1,13.4,2.4,0.7,1.1,2.2,5.8,15.5,,103,114
350,Spencer Dinwiddie\dinwisp01,SG,27,BRK,3,3,64,4.5,12.0,.375,1.5,5.3,.286,3.0,6.8,.444,4.5,4.5,1.000,0.0,9.8,9.8,6.8,1.5,0.8,3.8,3.0,15.0,,103,113
351,Harry Giles\gilesha01,C,22,POR,23,0,272,4.7,11.5,.406,0.5,1.6,.333,4.1,9.9,.418,2.3,3.2,.722,4.9,15.3,20.2,3.8,0.9,1.8,3.1,8.1,12.2,,103,113
352,Andre Iguodala\iguodan01,SF,37,MIA,43,2,914,3.6,9.4,.379,2.4,7.1,.333,1.2,2.3,.524,1.0,1.7,.613,1.5,7.3,8.8,4.9,2.4,1.1,2.3,3.1,10.5,,103,108
353,DaQuan Jeffries\jeffrda01,SG,23,SAC,17,2,229,5.0,12.0,.421,1.9,5.9,.321,3.1,6.1,.517,1.3,1.5,.857,1.7,4.0,5.7,1.0,1.5,0.8,1.5,4.8,13.2,,103,120
354,Tre Jones\jonestr01,PG,21,SAS,21,0,91,8.0,16.5,.484,0.5,0.5,1.000,7.4,16.0,.467,2.7,2.7,1.000,2.7,2.1,4.8,5.3,1.1,0.0,3.7,2.7,19.2,,103,116
355,Jordan McLaughlin\mclaujo01,PG,24,MIN,27,0,525,5.0,13.6,.364,1.5,4.5,.340,3.4,9.1,.376,0.8,1.1,.750,1.3,4.4,5.7,11.3,2.6,0.4,2.7,2.6,12.2,,103,115
356,Kelly Oubre Jr.\oubreke01,SF,25,GSW,45,45,1378,8.8,20.1,.437,2.4,7.8,.304,6.4,12.3,.521,3.3,4.8,.693,2.2,6.9,9.1,2.1,1.6,1.2,1.8,3.5,23.3,,103,110
357,Taurean Prince\princta02,PF,26,TOT,30,10,638,6.2,16.6,.373,3.1,8.0,.381,3.1,8.6,.366,3.4,4.1,.849,1.1,6.8,8.0,3.9,1.5,1.5,2.5,4.1,18.9,,103,113
358,Terrence Ross\rosste01,SG,29,ORL,37,2,1091,9.3,22.7,.410,3.7,10.2,.358,5.6,12.4,.453,4.1,4.6,.902,0.6,5.2,5.8,3.7,1.8,0.8,2.7,3.1,26.4,,103,113
359,Dennis Smith Jr.\smithde03,PG,23,TOT,19,7,349,7.2,18.1,.398,2.4,7.2,.333,4.8,10.9,.442,1.7,2.3,.750,1.6,5.5,7.1,9.3,2.8,2.0,3.2,4.2,18.5,,103,109
360,Lamar Stevens\stevela01,PF,23,CLE,32,0,435,6.2,14.1,.444,0.5,2.6,.174,5.8,11.4,.505,3.5,5.0,.705,2.3,7.5,9.7,2.7,1.8,1.4,2.0,5.0,16.4,,103,112
361,Patrick Williams\willipa01,PF,19,CHI,44,44,1245,6.3,13.5,.469,1.4,3.7,.371,4.9,9.8,.506,2.3,3.0,.766,1.5,6.7,8.3,2.2,1.2,1.2,2.5,3.6,16.3,,103,112
362,Dylan Windler\windldy01,SF,24,CLE,31,0,513,5.5,12.5,.438,2.5,7.4,.338,3.0,5.1,.585,2.0,2.6,.778,1.9,8.4,10.3,3.2,1.8,1.2,3.1,3.6,15.5,,103,111
363,Deni Avdija\avdijde01,SF,20,WAS,42,20,937,4.9,11.4,.425,2.1,6.3,.326,2.8,5.1,.548,0.8,1.3,.654,0.8,8.8,9.6,2.4,1.2,0.5,1.4,5.6,12.6,,102,114
364,Dwayne Bacon\bacondw01,SG,25,ORL,47,29,1184,7.4,18.3,.402,1.9,5.9,.331,5.4,12.5,.436,3.4,4.0,.845,0.6,5.2,5.7,2.3,1.0,0.1,1.3,3.1,20.1,,102,115
365,Ignas Brazdeikis\brazdig01,SF,22,NYK,4,0,7,0.0,7.1,.000,0.0,0.0,,0.0,7.1,.000,14.3,14.3,1.000,7.1,7.1,14.3,7.1,0.0,0.0,7.1,0.0,14.3,,102,114
366,Goran Dragić\dragigo01,PG,34,MIA,29,9,782,8.9,20.3,.439,2.8,8.3,.344,6.1,12.0,.505,4.1,4.9,.844,0.6,5.6,6.1,8.7,1.1,0.4,5.0,4.3,24.8,,102,112
367,Darius Garland\garlada01,PG,21,CLE,38,35,1262,9.5,21.7,.440,2.6,6.6,.399,6.9,15.1,.457,3.0,3.6,.835,0.7,2.7,3.4,8.5,1.7,0.1,4.5,3.4,24.7,,102,116
368,Justin Jackson\jacksju01,SF,25,OKC,30,3,491,7.4,17.8,.418,2.8,9.3,.305,4.6,8.5,.540,2.7,3.2,.848,1.2,5.2,6.3,4.5,1.3,0.2,2.8,2.8,20.4,,102,114
369,Reggie Perry\perryre01,PF,20,BRK,15,0,175,6.9,16.5,.417,1.1,4.4,.250,5.8,12.1,.477,2.2,3.0,.727,5.2,11.0,16.2,3.6,1.1,1.4,3.3,8.0,17.1,,102,112
370,Luka Šamanić\samanlu01,PF,21,SAS,17,1,157,7.4,15.1,.490,2.5,7.7,.320,4.9,7.4,.667,2.8,5.2,.529,2.8,8.6,11.4,1.2,1.2,0.9,3.1,4.9,20.0,,102,111
371,Denzel Valentine\valende01,SG,27,CHI,40,3,725,7.2,19.2,.373,3.8,11.3,.333,3.4,8.0,.430,0.6,0.6,1.000,1.2,8.8,10.0,4.3,1.6,0.1,1.4,2.8,18.7,,102,112
372,D.J. Wilson\wilsodj01,PF,24,TOT,19,0,196,7.5,18.1,.413,4.1,10.4,.395,3.4,7.7,.438,1.4,1.9,.750,2.2,9.9,12.1,1.9,0.5,2.2,2.7,6.8,20.5,,102,111
373,Kent Bazemore\bazemke01,SF,31,GSW,45,1,736,6.2,13.8,.452,2.7,6.8,.393,3.6,7.0,.509,1.9,2.8,.682,1.1,7.1,8.2,4.3,2.3,1.5,3.1,6.0,17.0,,101,108
374,Marques Bolden\boldema01,C,22,CLE,6,0,29,1.7,5.1,.333,0.0,0.0,,1.7,5.1,.333,8.5,13.6,.625,5.1,5.1,10.2,0.0,3.4,3.4,3.4,0.0,11.9,,101,107
375,DeMarcus Cousins\couside01,C,30,HOU,25,11,506,7.4,19.7,.376,3.7,10.9,.336,3.7,8.8,.426,4.1,5.5,.746,2.8,15.1,17.9,5.6,2.0,1.7,3.7,6.9,22.6,,101,105
376,Terence Davis\daviste02,SG,23,TOT,36,4,529,8.5,20.3,.417,4.4,12.0,.364,4.1,8.3,.495,1.8,2.1,.870,0.8,5.6,6.5,3.7,1.8,0.6,2.9,4.6,23.1,,101,114
377,Rudy Gay\gayru01,PF,34,SAS,37,0,798,8.9,21.8,.409,3.6,9.4,.387,5.3,12.4,.426,2.8,3.6,.780,1.8,9.3,11.1,3.4,1.7,1.3,2.4,4.1,24.3,,101,109
378,R.J. Hampton\hamptrj01,PG,19,TOT,27,0,264,5.8,13.7,.425,1.1,3.9,.286,4.7,9.7,.481,2.1,2.8,.733,2.4,8.1,10.5,3.0,1.1,0.4,2.4,4.3,14.8,,101,114
379,Talen Horton-Tucker\hortota01,SG,20,LAL,43,1,804,8.1,18.2,.445,1.2,5.0,.244,6.9,13.2,.521,3.3,4.0,.833,1.0,5.9,6.9,6.0,2.1,1.2,3.5,5.3,20.7,,101,105
380,Justin James\jamesju01,SF,24,SAC,23,0,145,5.6,13.3,.425,1.7,5.3,.313,4.0,8.0,.500,1.7,4.0,.417,1.0,2.7,3.6,4.0,1.0,0.3,1.7,3.0,14.6,,101,122
381,Meyers Leonard\leoname01,C,28,MIA,3,2,29,5.1,11.9,.429,5.1,11.9,.429,0.0,0.0,,1.7,3.4,.500,0.0,11.9,11.9,3.4,0.0,0.0,3.4,8.5,17.0,,101,111
382,Timothé Luwawu-Cabarrot\luwawti01,SF,25,BRK,40,7,775,6.0,16.0,.376,3.6,10.6,.341,2.4,5.5,.443,1.6,2.0,.781,1.1,5.0,6.1,3.1,1.7,0.3,2.0,4.7,17.2,,101,115
383,Nico Mannion\mannini01,PG,19,GSW,17,1,243,5.4,15.8,.341,3.5,8.7,.400,1.9,7.1,.270,3.1,3.9,.800,0.4,5.4,5.8,9.0,2.3,0.0,3.5,4.4,17.3,,101,111
384,Caleb Martin\martica02,SF,25,CHO,32,1,446,6.6,16.4,.404,2.3,7.3,.313,4.3,9.1,.476,2.4,4.0,.595,2.2,6.0,8.1,3.6,2.8,0.8,2.3,3.5,17.9,,101,111
385,Aaron Nesmith\nesmiaa01,SF,21,BOS,25,0,375,4.2,11.1,.376,2.7,8.1,.339,1.4,3.0,.478,1.3,1.8,.714,1.7,5.9,7.6,1.3,0.9,0.8,2.0,5.5,12.4,,101,116
386,Josh Okogie\okogijo01,SG,22,MIN,36,21,713,3.6,10.4,.350,1.0,4.4,.227,2.7,6.0,.440,3.2,3.9,.814,2.2,3.9,6.1,2.9,2.2,1.0,1.7,5.0,11.5,,101,115
387,Victor Oladipo\oladivi01,SG,28,TOT,29,29,969,10.7,26.1,.411,3.6,10.9,.333,7.1,15.3,.466,4.5,5.9,.767,0.4,6.7,7.2,6.7,1.9,0.6,3.4,3.3,29.6,,101,112
388,Elfrid Payton\paytoel01,PG,26,NYK,38,38,1032,9.2,21.0,.438,0.8,3.4,.243,8.4,17.6,.475,2.9,4.1,.714,2.4,4.5,6.9,6.5,1.4,0.4,3.3,3.4,22.1,,101,112
389,Matt Thomas\thomama02,SG,26,TOT,28,0,208,6.0,16.0,.377,4.2,10.7,.391,1.9,5.3,.348,1.4,1.6,.857,0.9,5.1,6.0,2.6,0.7,0.0,2.1,2.6,17.6,,101,117
390,Lonnie Walker\walkelo01,SG,22,SAS,37,30,968,8.2,19.3,.425,3.2,8.9,.356,5.1,10.5,.483,1.8,2.3,.783,0.5,4.7,5.2,3.1,1.0,0.7,1.9,3.7,21.4,,101,114
391,Tremont Waters\watertr01,PG,23,BOS,12,1,100,4.9,15.2,.323,2.9,7.3,.400,2.0,7.8,.250,3.4,3.9,.875,1.0,2.9,3.9,15.2,2.9,0.0,6.4,2.9,16.2,,101,114
392,Russell Westbrook\westbru01,PG,32,WAS,39,39,1366,10.8,24.9,.433,1.8,5.6,.323,9.0,19.3,.465,5.3,8.5,.617,2.1,11.4,13.5,14.0,1.7,0.5,6.5,3.8,28.6,,101,111
393,Damyean Dotson\dotsoda01,SG,26,CLE,35,6,658,6.5,16.6,.394,2.4,8.6,.278,4.1,7.9,.519,1.6,2.4,.688,0.4,4.9,5.2,5.5,1.0,0.3,2.1,2.3,17.1,,100,116
394,Mason Jones\jonesma05,SG,22,HOU,26,1,307,7.3,17.6,.412,3.5,9.9,.359,3.7,7.7,.480,5.4,8.8,.614,0.6,7.3,7.9,6.0,0.9,0.2,4.3,3.4,23.5,,100,114
395,Cam Reddish\reddica01,SF,21,ATL,26,21,750,6.3,17.3,.365,2.2,8.3,.262,4.1,9.0,.460,4.4,5.4,.817,1.4,5.4,6.8,2.3,2.2,0.6,2.2,4.5,19.2,,100,114
396,James Wiseman\wisemja01,C,19,GSW,33,21,713,10.8,20.6,.522,0.7,2.2,.333,10.0,18.4,.544,3.3,5.3,.630,3.0,9.8,12.8,1.3,0.7,2.2,3.3,7.2,25.6,,100,109
397,Brandon Goodwin\goodwbr01,PG,25,ATL,30,0,318,6.4,18.3,.347,2.5,8.8,.281,3.9,9.5,.410,2.6,3.7,.708,0.8,3.7,4.5,7.0,1.7,0.0,2.5,3.6,17.8,,99,116
398,Tyler Herro\herroty01,SG,21,MIA,36,14,1150,8.9,21.5,.414,2.9,9.0,.325,6.0,12.5,.478,3.3,3.9,.835,0.8,7.3,8.2,5.5,1.0,0.6,3.4,2.1,24.0,,99,111
399,Frank Mason III\masonfr01,PG,26,ORL,4,1,79,5.6,14.8,.375,1.2,3.1,.400,4.3,11.7,.368,3.1,4.3,.714,1.9,5.6,7.4,7.4,0.0,0.0,3.1,4.3,15.4,,99,117
400,E'Twaun Moore\mooreet01,SG,31,PHO,24,1,348,6.1,14.5,.422,1.1,4.1,.276,5.0,10.4,.479,1.1,1.4,.800,1.8,4.1,6.0,5.0,2.0,0.6,2.6,4.4,14.5,,99,110
401,Sviatoslav Mykhailiuk\mykhasv01,SF,23,TOT,42,6,755,6.9,17.8,.387,4.4,13.0,.335,2.5,4.8,.527,1.6,1.9,.800,0.8,4.9,5.7,4.4,2.1,0.4,3.1,2.3,19.7,,99,113
402,Cedi Osman\osmande01,SF,25,CLE,44,17,1102,6.9,19.6,.353,3.4,11.2,.307,3.5,8.4,.415,2.3,3.1,.754,1.3,5.6,6.8,5.2,1.9,0.3,2.1,3.7,19.6,,99,114
403,Ish Smith\smithis01,PG,32,WAS,19,1,391,5.2,13.7,.379,0.6,2.4,.250,4.6,11.3,.406,0.7,1.8,.400,1.2,6.6,7.8,10.6,1.8,0.5,2.2,2.1,11.7,,99,114
404,P.J. Tucker\tuckepj01,PF,35,TOT,35,32,1003,2.3,6.4,.363,1.3,4.3,.311,1.0,2.1,.467,0.9,1.1,.783,1.7,5.6,7.3,2.2,1.4,0.9,1.6,4.4,6.8,,99,113
405,John Wall\walljo01,PG,30,HOU,32,32,1018,10.7,26.7,.400,2.9,9.1,.318,7.8,17.6,.442,5.9,7.9,.746,0.7,4.3,5.0,10.1,1.5,1.2,5.0,1.8,30.1,,99,113
406,Robert Woodard\woodaro01,SF,21,SAC,9,0,23,12.5,27.2,.462,2.1,8.4,.250,10.4,18.8,.556,6.3,16.7,.375,6.3,12.5,18.8,0.0,0.0,2.1,2.1,2.1,33.4,,99,117
407,Dillon Brooks\brookdi01,SF,25,MEM,41,41,1197,9.8,24.7,.398,3.0,9.3,.319,6.8,15.4,.446,3.7,4.3,.852,1.4,3.4,4.8,4.0,2.1,0.6,3.1,5.6,26.3,,98,112
408,Vlatko Čančar\cancavl01,PF,23,DEN,25,0,148,4.7,11.1,.424,1.7,6.0,.278,3.0,5.0,.600,1.7,2.0,.833,1.7,8.0,9.7,2.7,2.7,0.7,3.0,4.4,12.7,,98,110
409,Luguentz Dort\dortlu01,SG,21,OKC,41,41,1203,7.0,18.3,.386,3.2,9.8,.327,3.9,8.5,.453,3.2,4.2,.764,1.1,4.5,5.6,2.5,1.4,0.6,2.3,3.9,20.5,,98,113
410,Andre Drummond\drumman01,C,27,CLE,25,25,722,12.3,26.0,.474,0.0,0.5,.000,12.3,25.4,.484,5.3,8.8,.597,6.9,16.1,23.0,4.4,2.7,2.0,5.5,4.7,29.8,,98,104
411,Rajon Rondo\rondora01,PG,34,ATL,27,2,402,5.4,13.5,.400,2.1,5.5,.378,3.3,8.0,.415,0.1,0.2,.500,0.5,6.3,6.8,11.7,2.3,0.2,4.8,3.1,13.0,,98,113
412,Mike Scott\scottmi01,PF,32,PHI,28,6,496,3.8,10.4,.361,2.8,8.5,.330,1.0,1.9,.500,0.6,1.0,.600,0.6,6.8,7.4,1.7,1.6,0.5,1.4,3.6,10.9,,98,109
413,Brad Wanamaker\wanambr01,PG,31,TOT,40,0,629,4.5,12.9,.353,1.0,4.5,.213,3.6,8.3,.429,3.7,4.2,.893,0.6,4.3,4.9,7.4,1.9,0.4,2.8,4.2,13.8,,98,112
414,Gary Clark\clarkga01,SF,26,ORL,35,11,637,3.1,10.0,.305,2.4,8.3,.287,0.7,1.8,.391,0.6,0.8,.800,2.5,6.1,8.6,2.3,0.9,0.5,1.3,2.6,9.1,,97,114
415,Kevin Love\loveke01,PF,32,CLE,4,4,58,6.0,18.7,.318,3.4,10.2,.333,2.6,8.5,.300,4.3,6.0,.714,1.7,9.4,11.1,4.3,0.9,0.0,2.6,2.6,19.6,,97,115
416,Nicolò Melli\mellini01,PF,30,TOT,23,0,252,3.5,12.2,.286,1.4,7.3,.184,2.1,4.8,.440,1.2,1.4,.857,2.7,8.9,11.6,4.8,1.9,0.2,1.4,5.4,9.5,,97,115
417,Frank Ntilikina\ntilila01,PG,22,NYK,17,4,250,4.6,12.8,.359,3.4,7.4,.459,1.2,5.4,.222,1.2,2.4,.500,0.8,3.8,4.6,2.6,2.8,0.2,2.0,6.6,13.8,,97,109
418,Jontay Porter\portejo01,PF,21,MEM,2,0,10,9.5,19.0,.500,4.8,9.5,.500,4.8,9.5,.500,0.0,0.0,,9.5,23.8,33.3,4.8,9.5,0.0,9.5,4.8,23.8,,97,85
419,JaKarr Sampson\sampsja02,PF,27,IND,16,0,99,7.3,16.0,.455,0.5,2.4,.200,6.8,13.5,.500,3.9,4.8,.800,3.9,10.6,14.5,0.5,1.0,1.5,3.4,5.3,18.9,,97,111
420,Gabe Vincent\vincega01,PG,24,MIA,32,6,476,7.0,18.4,.379,3.4,11.6,.295,3.5,6.7,.523,2.0,2.2,.905,0.7,3.3,4.0,5.1,1.7,0.2,2.8,5.7,19.3,,97,113
421,Isaac Bonga\bongais01,SF,21,WAS,29,7,345,3.1,7.9,.390,1.5,4.7,.314,1.6,3.2,.500,0.4,0.8,.500,2.3,5.3,7.6,2.3,0.9,0.9,2.0,6.7,8.0,,96,116
422,Troy Brown Jr.\browntr01,SF,21,TOT,23,0,317,5.5,14.1,.392,2.2,7.0,.313,3.4,7.1,.469,1.7,2.6,.667,1.6,7.6,9.2,3.2,0.9,0.6,2.5,5.0,15.0,,96,115
423,Tyler Cook\cookty01,PF,23,TOT,10,0,84,4.7,9.3,.500,0.0,0.0,,4.7,9.3,.500,1.2,2.9,.400,4.1,8.8,12.8,2.3,1.2,0.0,2.9,4.7,10.5,,96,114
424,Markelle Fultz\fultzma01,PG,22,ORL,8,8,215,9.3,23.6,.394,0.9,3.6,.250,8.4,20.0,.420,3.9,4.3,.895,1.1,4.5,5.7,9.8,1.8,0.5,4.1,4.1,23.4,,96,113
425,Josh Green\greenjo02,SG,20,DAL,23,5,253,4.7,10.1,.462,0.4,2.9,.133,4.3,7.2,.595,1.4,2.5,.538,2.7,5.6,8.4,2.3,1.0,0.4,2.7,3.3,11.1,,96,116
426,Aaron Holiday\holidaa01,PG,24,IND,43,6,747,6.9,18.4,.373,2.6,7.8,.331,4.3,10.6,.404,2.2,2.9,.756,0.5,2.8,3.3,4.5,1.7,0.3,2.1,4.4,18.5,,96,115
427,Elijah Hughes\hugheel01,SF,22,UTA,10,0,38,8.9,23.0,.389,6.4,16.6,.385,2.6,6.4,.400,3.8,5.1,.750,0.0,7.7,7.7,5.1,1.3,1.3,6.4,0.0,28.1,,96,109
428,Josh Jackson\jacksjo02,SG,23,DET,41,6,1008,9.3,22.2,.418,2.2,8.2,.274,7.0,14.0,.502,4.9,6.8,.721,1.9,6.3,8.2,4.2,1.8,1.6,4.3,5.8,25.8,,96,111
429,Théo Maledon\maledth01,PG,19,OKC,40,24,1079,5.5,14.3,.383,2.9,7.9,.371,2.5,6.3,.399,1.6,2.0,.761,0.7,5.2,5.9,6.0,1.7,0.1,3.4,4.0,15.4,,96,113
430,Isaac Okoro\okorois01,SG,20,CLE,42,42,1345,4.4,11.0,.405,1.2,4.4,.283,3.2,6.6,.486,1.8,2.6,.694,1.4,2.9,4.2,2.7,1.6,0.7,2.3,4.3,12.0,,96,116
431,Kevin Porter Jr.\porteke02,SG,20,HOU,9,6,271,9.8,22.7,.431,2.1,9.6,.218,7.7,13.1,.587,2.6,4.0,.652,0.3,4.2,4.5,9.1,1.6,0.9,4.7,3.1,24.3,,96,114
432,Brodric Thomas\thomabr01,SG,24,TOT,12,1,141,4.5,14.9,.302,1.7,8.0,.217,2.8,6.9,.400,5.9,7.3,.810,0.7,4.5,5.2,4.2,2.4,1.7,2.4,4.9,16.7,,96,111
433,Cole Anthony\anthoco01,PG,20,ORL,25,17,667,7.4,19.7,.375,2.0,6.1,.325,5.4,13.6,.398,3.4,4.0,.836,1.5,6.7,8.1,6.9,1.2,0.8,3.7,3.7,20.1,,95,113
434,Anthony Edwards\edwaran01,SG,19,MIN,47,30,1436,9.8,25.4,.386,3.3,10.6,.308,6.6,14.8,.441,3.7,4.8,.772,1.3,5.6,6.8,3.9,1.5,0.6,3.1,2.7,26.6,,95,116
435,Jalen McDaniels\mcdanja01,SF,23,CHO,21,1,234,6.8,15.5,.440,1.7,5.8,.286,5.2,9.7,.532,3.1,4.3,.714,1.7,8.1,9.7,2.1,0.4,1.0,3.5,6.6,18.4,,95,114
436,KZ Okpala\okpalkz01,PF,21,MIA,25,9,322,4.1,10.1,.409,1.7,5.7,.297,2.5,4.5,.552,0.3,0.9,.333,2.3,5.4,7.7,1.7,0.9,1.2,1.8,6.8,10.3,,95,112
437,Tyler Bey\beyty01,SF,22,DAL,9,0,32,4.6,16.9,.273,0.0,1.5,.000,4.6,15.4,.300,3.1,6.1,.500,7.7,10.8,18.4,1.5,0.0,1.5,0.0,6.1,12.3,,94,113
438,Jarrett Culver\culveja01,SG,21,MIN,24,7,423,6.7,16.4,.408,1.0,4.7,.214,5.7,11.7,.486,2.7,4.5,.600,3.6,7.0,10.6,1.9,1.6,0.9,2.7,5.4,17.1,,94,115
439,Ben McLemore\mclembe01,SG,27,HOU,31,4,533,6.9,19.6,.355,4.7,14.4,.327,2.2,5.2,.431,2.0,2.8,.719,1.0,4.9,5.9,2.5,1.8,0.3,2.5,4.5,20.6,,94,113
440,Jordan Nwora\nworajo01,SF,22,MIL,15,1,134,8.8,21.5,.410,4.2,8.8,.480,4.6,12.7,.361,4.6,6.0,.765,1.1,8.8,9.9,1.4,2.1,1.1,4.9,3.9,26.4,,94,109
441,Michael Carter-Williams\cartemi01,SG,29,ORL,26,20,684,6.2,16.3,.380,0.8,3.4,.234,5.4,13.0,.418,2.9,4.3,.667,2.4,6.1,8.6,8.2,1.2,1.0,4.2,5.1,16.1,,93,113
442,Nate Darling\darlina01,SG,22,CHO,2,0,7,6.9,27.6,.250,6.9,27.6,.250,0.0,0.0,,0.0,0.0,,0.0,0.0,0.0,6.9,0.0,0.0,0.0,0.0,20.7,,93,122
443,Rodney Hood\hoodro01,SF,28,TOT,41,5,792,4.9,13.3,.370,1.7,5.7,.301,3.2,7.6,.423,0.9,1.0,.824,1.2,3.6,4.8,2.9,1.3,0.3,2.0,4.0,12.5,,93,120
444,Al-Farouq Aminu\aminual01,PF,30,TOT,18,14,379,4.6,11.6,.400,0.9,4.1,.219,3.7,7.5,.500,2.1,2.4,.842,2.6,9.8,12.4,3.7,2.2,1.2,3.5,3.1,12.2,,92,109
445,Anthony Gill\gillan01,PF,28,WAS,13,1,72,2.6,7.7,.333,0.6,5.1,.125,1.9,2.6,.750,1.9,2.6,.750,1.9,10.2,12.1,2.6,1.9,1.3,1.9,1.9,7.7,,92,110
446,Norvel Pelle\pelleno01,C,27,TOT,4,0,32,4.5,12.0,.375,0.0,0.0,,4.5,12.0,.375,4.5,6.0,.750,6.0,6.0,12.0,1.5,0.0,4.5,4.5,15.0,13.5,,92,113
447,Trevor Ariza\arizatr01,F,35,MIA,6,3,137,4.7,15.5,.302,1.8,8.3,.217,2.9,7.2,.400,2.2,2.5,.857,1.4,8.7,10.1,3.6,1.4,1.8,1.1,2.5,13.3,,91,108
448,Darius Bazley\bazleda01,PF,20,OKC,36,36,1104,6.9,17.5,.392,2.3,8.1,.290,4.5,9.4,.479,2.5,3.5,.704,1.0,10.8,11.7,2.3,0.8,1.0,2.7,1.3,18.5,,91,111
449,Yogi Ferrell\ferreyo01,PG,27,CLE,2,0,40,9.9,25.9,.381,3.7,11.1,.333,6.2,14.8,.417,0.0,2.5,.000,3.7,4.9,8.6,6.2,3.7,1.2,3.7,4.9,23.4,,91,109
450,Wesley Iwundu\iwundwe01,SF,26,TOT,24,3,293,2.9,8.9,.321,0.5,3.9,.130,2.3,5.0,.467,2.0,2.3,.857,1.0,6.5,7.6,1.7,1.5,0.5,1.0,4.4,8.2,,91,114
451,Adam Mokoka\mokokad01,SG,22,CHI,9,0,47,6.1,15.2,.400,1.0,8.1,.125,5.1,7.1,.714,0.0,0.0,,1.0,3.0,4.1,4.1,2.0,1.0,2.0,5.1,13.2,,91,112
452,Jalen Harris\harrija01,SG,22,TOR,4,0,14,3.4,13.8,.250,3.4,6.9,.500,0.0,6.9,.000,0.0,0.0,,3.4,6.9,10.3,6.9,3.4,0.0,3.4,6.9,10.3,,90,110
453,Paul Reed\reedpa01,PF,21,PHI,10,0,83,8.1,18.4,.438,0.0,2.9,.000,8.1,15.5,.519,0.0,0.6,.000,5.8,5.2,10.9,1.7,2.3,2.9,3.5,6.9,16.1,,90,105
454,Bruno Fernando\fernabr01,C,22,ATL,23,0,169,3.5,8.2,.429,0.0,0.6,.000,3.5,7.6,.462,2.9,4.7,.625,3.8,14.9,18.7,2.6,0.6,0.9,4.4,5.3,9.9,,89,111
455,Shaquille Harrison\harrish01,SG,27,UTA,17,0,56,5.2,17.3,.300,0.0,1.7,.000,5.2,15.6,.333,4.3,5.2,.833,2.6,5.2,7.8,7.8,1.7,0.0,4.3,2.6,14.7,,89,111
456,Jalen Smith\smithja04,PF,20,PHO,15,0,66,6.0,15.7,.381,1.5,6.7,.222,4.5,9.0,.500,0.7,2.2,.333,3.7,7.5,11.2,1.5,0.0,1.5,2.2,5.2,14.2,,89,111
457,Cassius Stanley\stanlca01,SG,21,IND,12,0,33,5.8,21.8,.267,1.5,7.3,.200,4.4,14.5,.300,5.8,7.3,.800,5.8,5.8,11.6,0.0,0.0,2.9,1.5,11.6,18.9,,89,114
458,Marquese Chriss\chrisma01,PF,23,GSW,2,0,27,8.7,24.3,.357,1.7,8.7,.200,6.9,15.6,.444,3.5,6.9,.500,5.2,17.3,22.5,3.5,0.0,3.5,3.5,5.2,22.5,,87,105
459,Dante Exum\exumda01,SG,25,CLE,6,3,116,4.3,11.1,.385,0.9,4.7,.182,3.4,6.4,.533,0.4,0.9,.500,0.9,6.4,7.2,5.5,1.7,0.9,3.0,3.8,9.8,,87,113
460,Trent Forrest\forretr01,PG,22,UTA,12,0,52,2.8,8.4,.333,0.0,1.9,.000,2.8,6.5,.429,1.9,1.9,1.000,0.0,5.6,5.6,9.3,1.9,0.0,4.7,2.8,7.5,,87,110
461,Sekou Doumbouya\doumbse01,PF,20,DET,40,2,503,5.2,15.3,.340,1.7,6.9,.243,3.5,8.4,.419,2.2,2.9,.733,1.8,6.4,8.1,2.3,1.5,0.2,2.5,5.4,14.2,,86,114
462,Jordan Bell\belljo01,C,26,WAS,3,1,50,4.6,13.8,.333,0.0,1.8,.000,4.6,12.0,.385,0.0,0.0,,4.6,10.1,14.7,4.6,0.9,2.8,2.8,3.7,9.2,,84,111
463,Bruno Caboclo\cabocbr01,PF,25,HOU,6,0,36,10.5,22.4,.471,0.0,6.6,.000,10.5,15.8,.667,1.3,2.6,.500,3.9,14.5,18.4,1.3,0.0,2.6,5.3,7.9,22.4,,83,109
464,Nate Hinton\hintona01,SG,21,DAL,10,0,39,8.8,24.0,.368,1.3,7.6,.167,7.6,16.4,.462,5.0,7.6,.667,0.0,3.8,3.8,5.0,5.0,1.3,5.0,2.5,24.0,,83,106
465,Chandler Hutchison\hutchch01,SF,24,TOT,9,0,110,6.0,15.0,.400,1.3,3.8,.333,4.7,11.1,.423,2.1,2.1,1.000,1.3,11.5,12.8,2.6,0.4,0.0,4.3,5.6,15.4,,83,114
466,Jabari Parker\parkeja01,PF,25,SAC,3,0,27,7.1,12.5,.571,0.0,1.8,.000,7.1,10.7,.667,0.0,0.0,,1.8,8.9,10.7,1.8,0.0,1.8,5.3,7.1,14.2,,83,119
467,Malachi Flynn\flynnma01,PG,22,TOR,22,0,218,4.2,15.3,.275,1.5,8.4,.184,2.7,6.9,.387,1.1,1.8,.625,0.2,4.4,4.6,6.2,1.1,0.0,1.8,3.3,11.1,,82,117
468,Jerome Robinson\robinje01,SG,23,WAS,16,5,296,4.4,14.3,.304,1.7,6.4,.268,2.6,7.9,.333,2.5,3.1,.800,0.6,5.1,5.8,3.7,1.9,0.8,2.8,4.7,12.9,,82,114
469,Aleksej Pokusevski\pokusal01,PF,19,OKC,27,10,611,4.9,16.1,.307,2.0,8.7,.234,2.9,7.4,.394,1.3,1.5,.895,1.5,8.5,10.0,3.8,0.9,2.1,3.5,2.3,13.3,,79,110
470,Andre Roberson\roberan03,SG,29,BRK,5,0,63,1.5,10.7,.143,0.8,6.1,.125,0.8,4.6,.167,0.8,1.5,.500,5.3,6.1,11.5,3.1,2.3,0.8,1.5,3.1,4.6,,79,113
471,Mfiondu Kabengele\kabenmf01,PF,23,LAC,23,0,94,4.7,16.8,.281,2.1,9.5,.222,2.6,7.4,.357,2.6,3.2,.833,0.5,6.8,7.4,2.6,1.1,1.6,3.2,9.5,14.2,,78,112
472,Axel Toupane\toupaax01,G-F,28,MIL,4,1,39,2.4,8.5,.286,0.0,1.2,.000,2.4,7.3,.333,0.0,0.0,,0.0,4.8,4.8,2.4,0.0,3.6,0.0,3.6,4.8,,78,112
473,Anthony Lamb\lamban01,SF,23,HOU,8,0,115,2.9,13.6,.212,1.2,7.8,.158,1.6,5.8,.286,1.2,1.6,.750,4.9,6.2,11.1,0.8,0.4,0.4,1.2,5.8,8.2,,77,116
474,Jalen Lecque\lecquja01,PG,20,IND,4,0,12,4.0,35.9,.111,0.0,4.0,.000,4.0,31.9,.125,12.0,12.0,1.000,8.0,12.0,19.9,8.0,0.0,0.0,0.0,0.0,19.9,,77,114
475,Sindarius Thornwell\thornsi01,SG,26,NOP,14,1,73,4.7,14.0,.333,2.0,6.0,.333,2.7,8.0,.333,0.0,1.3,.000,0.7,2.7,3.3,2.7,3.3,0.7,2.7,2.0,11.3,,77,114
476,Justise Winslow\winslju01,SF,24,MEM,16,0,337,7.1,20.6,.342,0.7,5.8,.122,6.4,14.8,.429,1.3,2.3,.563,1.8,9.0,10.9,4.0,1.7,1.0,3.5,4.5,16.1,,77,109
477,Killian Tillie\tilliki02,C,22,MEM,5,0,37,3.9,19.3,.200,2.6,11.6,.222,1.3,7.7,.167,2.6,3.9,.667,3.9,3.9,7.7,1.3,2.6,3.9,1.3,6.4,12.9,,76,106
478,Tyrell Terry\terryty01,PG,20,DAL,11,0,56,4.4,14.1,.313,0.0,6.1,.000,4.4,7.9,.556,0.9,2.6,.333,0.0,5.3,5.3,5.3,4.4,0.0,1.8,1.8,9.7,,75,109
479,Kelan Martin\martike03,SF,25,IND,14,0,54,6.2,18.6,.333,1.8,8.0,.222,4.4,10.6,.417,1.8,1.8,1.000,0.9,9.7,10.6,0.9,2.7,0.9,3.5,4.4,16.0,,74,108
480,Karim Mané\maneka01,PG,20,ORL,9,0,84,1.2,7.0,.167,0.6,1.2,.500,0.6,5.8,.100,2.3,2.3,1.000,0.6,7.6,8.1,2.3,0.0,1.2,1.7,5.2,5.2,,72,115
481,Vincent Poirier\poirivi01,C,27,PHI,10,0,39,3.7,14.7,.250,0.0,1.2,.000,3.7,13.5,.273,2.4,7.3,.333,7.3,9.8,17.1,2.4,0.0,3.7,4.9,9.8,9.8,,70,107
482,Josh Hall\halljo01,SF,20,OKC,9,0,93,4.1,14.9,.276,1.0,6.7,.154,3.1,8.2,.375,4.1,8.8,.471,0.5,7.2,7.7,4.6,0.0,0.0,4.6,5.7,13.4,,69,116
483,Killian Hayes\hayeski01,PG,19,DET,7,7,148,4.3,15.6,.277,1.7,6.7,.250,2.7,9.0,.296,0.3,0.7,.500,0.3,2.3,2.7,8.3,0.7,0.0,5.7,5.0,10.7,,69,118
484,Deividas Sirvydis\sirvyde01,SG,20,DET,8,0,13,3.8,18.9,.200,3.8,18.9,.200,0.0,0.0,,3.8,7.6,.500,0.0,7.6,7.6,3.8,3.8,0.0,3.8,3.8,15.2,,69,108
485,Tim Frazier\fraziti01,PG,30,MEM,3,0,33,2.9,11.5,.250,0.0,2.9,.000,2.9,8.7,.333,0.0,0.0,,0.0,5.8,5.8,10.1,1.4,0.0,4.3,5.8,5.8,,67,113
486,Markus Howard\howarma02,SG,21,DEN,22,0,76,5.9,26.7,.220,3.3,18.9,.172,2.6,7.8,.333,0.7,1.3,.500,0.0,4.6,4.6,5.2,1.3,0.0,3.9,7.2,15.7,,63,116
487,Alen Smailagić\smailal01,PF,20,GSW,4,1,15,6.2,21.8,.286,3.1,12.5,.250,3.1,9.4,.333,0.0,6.2,.000,0.0,0.0,0.0,0.0,0.0,0.0,0.0,15.6,15.6,,62,119
488,Rodions Kurucs\kurucro01,SF-PF,22,TOT,16,0,91,3.1,12.5,.250,1.6,8.9,.176,1.6,3.7,.429,0.5,1.0,.500,1.0,6.3,7.3,3.1,3.1,2.1,4.7,4.2,8.4,,60,108
489,Ray Spalding\spaldra01,C,23,HOU,2,0,19,5.0,10.0,.500,0.0,2.5,.000,5.0,7.5,.667,0.0,5.0,.000,5.0,5.0,10.0,0.0,0.0,5.0,7.5,7.5,10.0,,60,111
490,Ersan İlyasova\ilyaser01,F,33,UTA,4,0,17,2.9,14.3,.200,0.0,11.4,.000,2.9,2.9,1.000,0.0,0.0,,2.9,2.9,5.7,2.9,0.0,0.0,2.9,8.6,5.7,,58,115
491,Kostas Antetokounmpo\antetko01,PF,23,LAL,6,0,26,3.7,7.5,.500,0.0,0.0,,3.7,7.5,.500,3.7,7.5,.500,3.7,14.9,18.7,0.0,3.7,5.6,11.2,5.6,11.2,,57,91
492,Naji Marshall\marshna01,SF,23,NOP,7,0,23,2.1,12.7,.167,0.0,4.2,.000,2.1,8.5,.250,2.1,4.2,.500,0.0,4.2,4.2,4.2,0.0,2.1,2.1,4.2,6.4,,57,119
493,Iman Shumpert\shumpim01,SG,30,BRK,2,0,11,4.4,17.5,.250,0.0,13.1,.000,4.4,4.4,1.000,0.0,0.0,,4.4,0.0,4.4,0.0,4.4,0.0,4.4,0.0,8.8,,56,113
494,Jared Harper\harpeja01,PG,23,NYK,3,0,7,0.0,7.1,.000,0.0,0.0,,0.0,7.1,.000,14.3,14.3,1.000,0.0,0.0,0.0,0.0,0.0,0.0,14.3,0.0,14.3,,53,118
495,Keljin Blevins\blevike01,SF,25,POR,9,0,47,2.1,11.5,.182,0.0,4.2,.000,2.1,7.3,.286,0.0,0.0,,0.0,2.1,2.1,4.2,2.1,0.0,3.1,4.2,4.2,,47,120
496,Jaylen Adams\adamsja01,PG,24,MIL,7,0,18,2.6,21.0,.125,0.0,5.2,.000,2.6,15.7,.167,0.0,0.0,,0.0,7.9,7.9,5.2,0.0,0.0,0.0,2.6,5.2,,46,116
497,Wenyen Gabriel\gabriwe01,PF,23,NOP,6,0,20,0.0,9.7,.000,0.0,2.4,.000,0.0,7.3,.000,2.4,4.9,.500,4.9,12.2,17.0,4.9,0.0,0.0,7.3,2.4,2.4,,45,118
498,Quinndary Weatherspoon\weathqu01,SG,24,SAS,11,0,49,2.0,9.9,.200,0.0,2.0,.000,2.0,7.9,.250,2.0,2.0,1.000,0.0,3.0,3.0,4.0,4.0,1.0,7.9,8.9,5.9,,43,108
499,Theo Pinson\pinsoth01,SG,25,NYK,13,0,28,1.8,14.3,.125,0.0,12.5,.000,1.8,1.8,1.000,0.0,0.0,,0.0,3.6,3.6,1.8,0.0,0.0,1.8,5.4,3.6,,32,115
500,Terrance Ferguson\fergute01,SG,22,PHI,13,0,49,1.0,6.8,.143,0.0,4.9,.000,1.0,1.9,.500,0.0,0.0,,0.0,1.0,1.0,1.9,1.0,0.0,3.9,6.8,1.9,,30,114
501,Anžejs Pasečņiks\pasecan01,C,25,WAS,1,0,6,0.0,7.7,.000,0.0,7.7,.000,0.0,0.0,,0.0,0.0,,7.7,0.0,7.7,7.7,0.0,0.0,38.4,15.3,0.0,,21,121
502,Ty-Shon Alexander\alexaty01,SG,22,PHO,4,0,10,0.0,19.8,.000,0.0,9.9,.000,0.0,9.9,.000,0.0,0.0,,0.0,4.9,4.9,4.9,0.0,0.0,0.0,4.9,0.0,,18,115
503,Noah Vonleh\vonleno01,PF,25,BRK,4,0,11,0.0,13.1,.000,0.0,8.8,.000,0.0,4.4,.000,0.0,0.0,,0.0,4.4,4.4,4.4,0.0,0.0,8.8,8.8,0.0,,14,120
504,Ashton Hagans\haganas01,PG,21,MIN,2,0,4,0.0,0.0,,0.0,0.0,,0.0,0.0,,0.0,0.0,,0.0,0.0,0.0,0.0,0.0,0.0,11.8,0.0,0.0,,0,124
505,Will Magnay\magnawi01,C,22,NOP,1,0,3,0.0,16.2,.000,0.0,16.2,.000,0.0,0.0,,0.0,0.0,,0.0,0.0,0.0,0.0,0.0,0.0,16.2,16.2,0.0,,0,124
506,Greg Whittington\whittgr01,PF,27,DEN,4,0,12,0.0,12.4,.000,0.0,8.3,.000,0.0,4.1,.000,0.0,0.0,,0.0,0.0,0.0,0.0,0.0,0.0,0.0,0.0,0.0,,0,122
